평균기온,최저기온,최고기온,일강수량,평균 증기압,평균 전운량,상대습도,모기라벨
26.8,25.5,28.5,33.5,31.6,9.9,90.0,0
28.6,25.4,32.4,30.0,31.8,8.9,82.4,0
27.2,25.4,29.0,47.2,30.7,9.8,85.8,0
30.9,27.3,36.1,1.0,30.2,4.5,68.4,0
30.7,27.3,34.3,0.0,29.8,5.0,68.1,0
29.7,25.1,34.4,0.0,26.3,3.5,63.8,0
29.3,26.4,33.4,0.0,26.7,5.3,66.3,0
28.9,24.4,33.1,0.0,28.5,5.0,72.5,0
27.5,23.6,32.0,0.0,27.0,3.8,75.0,0
25.0,22.0,28.4,1.2,27.3,9.5,86.9,0
24.8,22.3,28.0,9.9,26.0,9.4,83.6,0
25.1,22.9,27.5,5.2,25.7,7.5,81.5,0
23.2,20.8,25.2,10.4,24.7,8.9,87.6,0
27.1,24.3,30.4,1.1,27.0,9.0,76.1,0
27.4,24.3,31.1,0.0,26.6,6.3,74.1,0
26.8,23.1,30.1,0.0,26.4,5.4,76.0,0
25.5,22.5,29.7,0.0,25.3,7.3,78.9,0
24.8,23.2,28.2,34.0,26.0,8.3,83.4,0
26.0,23.0,30.3,0.0,25.2,5.3,76.5,0
25.7,23.3,29.9,0.9,27.6,8.1,84.6,0
25.0,24.0,27.1,114.5,29.6,10.0,93.9,0
26.8,23.2,29.4,0.0,25.7,8.1,73.1,0
27.0,24.7,30.6,9.0,26.5,6.3,75.0,0
29.2,24.6,35.1,0.0,27.0,5.6,68.0,0
26.9,24.0,30.9,0.1,28.8,7.0,82.1,0
25.8,24.0,27.9,1.7,27.8,9.5,84.4,0
28.2,26.4,31.0,0.0,31.3,9.3,82.3,0
29.5,26.2,33.3,16.1,30.9,7.3,76.0,0
29.2,26.7,33.1,0.0,29.7,7.5,73.8,0
29.3,26.4,32.6,0.0,29.0,6.9,71.8,0
29.3,24.4,34.2,0.0,27.3,4.6,68.6,0
28.8,24.0,33.8,0.0,28.1,4.1,72.8,0
26.6,21.9,30.9,0.0,28.5,5.6,83.3,0
22.3,21.2,24.5,176.2,26.6,20.0,99.3,0
25.1,24.4,26.1,37.8,30.4,10.0,95.5,0
26.9,25.7,27.9,6.3,28.8,10.0,81.9,0
26.8,25.4,28.1,6.1,29.5,10.0,84.4,0
26.5,24.8,28.1,0.0,28.3,10.0,82.1,0
26.0,21.5,30.5,0.0,26.8,7.5,80.4,0
22.6,20.6,24.9,19.1,24.9,8.4,90.9,0
24.3,23.3,26.4,103.0,26.9,8.9,89.1,0
25.9,21.9,31.0,0.0,23.3,6.1,71.1,0
26.5,21.2,32.6,0.0,24.5,3.1,72.6,0
25.2,22.0,29.0,0.0,24.2,6.0,76.6,0
23.4,22.3,25.1,0.0,23.4,8.6,81.6,0
23.3,22.0,25.1,0.0,22.7,7.6,79.6,0
22.5,16.5,28.1,0.0,20.6,5.8,76.4,0
20.3,17.6,24.8,0.7,18.3,5.6,78.4,0
17.5,14.9,20.1,18.5,18.5,9.8,92.4,0
21.5,17.7,27.1,0.0,14.2,7.8,56.4,0
23.6,19.6,29.2,18.0,19.7,7.5,68.5,0
24.6,18.9,31.5,0.0,17.7,5.8,58.9,0
24.6,17.7,32.7,0.0,17.6,3.4,59.6,0
20.9,17.2,26.6,1.2,18.4,5.6,75.8,0
20.9,18.5,24.5,2.6,18.6,5.5,76.1,0
21.2,16.2,25.8,0.0,15.4,6.4,61.6,0
20.6,15.1,25.1,0.0,12.9,6.4,54.5,0
19.7,16.7,24.5,4.3,15.5,6.9,69.0,0
22.7,20.2,27.0,0.0,16.3,9.1,59.8,0
25.6,20.3,29.7,0.0,18.3,7.0,57.0,0
24.5,18.7,32.6,0.0,18.5,4.1,62.8,0
21.5,17.1,26.9,0.0,16.9,3.9,67.4,0
22.1,16.2,28.6,0.0,10.4,0.6,41.6,0
20.7,14.2,27.2,0.0,9.8,1.4,42.4,0
20.8,17.2,24.7,0.0,17.4,7.9,71.0,0
23.1,19.3,29.7,0.0,18.3,6.0,66.4,0
22.3,15.0,29.3,0.0,13.8,2.1,54.1,0
20.0,16.0,25.6,0.0,14.3,2.4,62.5,0
18.7,14.1,23.5,0.0,12.3,4.5,59.9,0
21.0,16.7,26.7,3.5,15.9,6.5,66.6,0
22.9,16.7,30.2,0.0,14.9,3.4,56.8,0
23.0,17.8,30.7,0.0,17.2,3.0,63.5,0
20.3,15.7,25.8,0.0,16.5,3.8,70.9,0
20.1,16.1,26.0,0.0,16.2,3.6,70.8,0
20.6,15.6,25.8,0.0,12.4,5.0,52.8,0
19.9,16.1,24.2,0.0,12.3,4.9,53.6,0
20.0,15.7,25.4,1.5,13.5,4.3,59.4,0
20.0,13.0,27.4,0.0,13.4,0.3,60.1,0
17.3,10.9,23.7,0.0,10.8,0.5,56.3,0
16.2,10.5,22.4,0.0,7.0,2.0,39.8,0
15.7,11.9,20.0,0.0,7.9,4.4,45.5,0
19.4,15.0,25.2,0.0,10.0,5.9,45.8,0
20.9,14.1,28.1,0.0,12.1,3.9,51.5,0
19.7,16.6,25.2,0.0,11.3,6.9,50.4,0
19.9,13.6,26.3,0.0,8.3,7.3,39.0,0
17.9,11.0,25.3,0.0,10.8,3.1,56.4,0
15.3,11.7,18.2,2.0,8.6,9.1,51.8,0
18.4,15.3,23.1,0.5,10.5,8.6,52.4,0
19.6,13.7,25.6,0.0,14.9,5.3,67.1,0
18.9,12.5,25.8,0.0,10.3,0.5,48.1,0
17.8,10.0,25.2,0.0,8.7,0.0,43.3,0
14.8,9.1,20.8,0.0,7.3,1.0,45.9,0
14.2,9.1,19.4,0.0,8.5,2.0,56.5,0
13.4,7.9,19.2,0.0,7.9,1.3,54.8,0
13.0,10.5,17.8,0.0,10.1,8.0,68.0,0
13.4,10.7,16.5,15.5,10.7,8.8,70.6,0
18.2,11.6,25.9,0.0,8.8,5.8,44.0,0
17.7,12.6,23.9,0.0,6.3,0.4,31.5,0
21.9,17.0,28.7,1.0,14.7,5.0,57.9,0
20.0,17.0,23.6,1.3,18.6,10.0,80.5,0
18.5,15.0,24.5,0.3,15.2,6.4,72.5,0
17.7,10.4,25.3,0.0,10.4,6.0,57.3,0
15.0,13.2,16.8,0.0,13.1,8.5,76.8,0
16.3,9.6,22.7,0.0,8.6,5.3,48.4,0
15.7,9.7,22.1,0.0,8.1,0.0,48.8,0
15.2,8.9,22.1,0.0,8.5,0.0,51.9,0
15.2,11.4,21.6,0.0,7.5,4.8,46.1,0
14.0,7.2,21.9,0.0,7.9,2.6,53.8,0
13.2,7.1,20.2,0.0,6.9,0.3,48.5,0
13.3,7.5,19.3,0.0,6.9,1.0,46.8,0
13.2,11.4,15.3,0.0,8.0,9.3,53.4,0
13.1,12.0,15.9,1.3,10.6,10.0,69.3,0
19.3,15.9,26.4,0.5,17.0,8.6,77.9,0
19.6,13.4,26.6,0.0,13.4,2.8,60.4,0
18.2,12.7,25.1,0.0,9.1,1.5,46.0,0
17.8,12.4,24.2,0.5,8.9,2.4,43.8,0
12.9,5.1,20.0,0.0,6.7,0.0,49.0,0
10.9,7.4,15.7,0.0,5.5,2.4,43.5,0
11.7,8.0,17.0,0.0,6.9,6.4,52.3,0
10.3,4.9,15.8,0.0,4.9,6.1,41.1,0
10.3,5.1,16.4,0.0,5.9,0.0,50.3,0
9.6,3.5,17.0,0.0,6.1,0.0,55.0,0
8.2,3.7,14.2,0.0,5.7,0.5,55.0,0
9.2,4.5,14.9,0.0,5.6,1.1,50.5,0
10.9,7.6,14.7,0.0,8.1,7.0,63.5,0
10.8,5.9,15.7,0.4,9.9,7.0,76.5,0
9.7,3.3,15.6,0.0,6.4,1.4,52.9,0
8.2,1.5,15.1,0.0,3.7,0.5,35.6,0
8.1,5.0,12.6,0.0,5.2,0.3,49.1,0
11.8,9.5,14.7,19.8,11.2,8.3,80.9,0
12.0,6.3,17.2,10.9,9.6,7.9,70.0,0
8.2,3.9,12.4,0.0,7.7,8.4,70.6,0
6.2,4.9,8.2,0.0,5.4,9.0,56.8,0
7.1,1.1,13.6,0.0,4.8,2.5,48.9,0
5.0,-0.3,10.9,0.0,4.2,7.5,49.5,0
5.4,2.2,9.3,0.0,5.9,5.1,66.1,0
3.4,0.9,6.1,14.6,6.6,8.9,84.6,0
7.5,5.5,9.6,0.0,6.3,9.1,60.8,0
10.7,7.8,15.1,1.2,7.9,10.0,62.0,0
10.3,3.6,16.8,0.0,7.6,3.8,62.6,0
7.2,2.3,13.3,0.0,7.2,3.8,72.6,0
8.2,4.9,13.2,8.7,9.9,6.4,90.3,0
11.7,10.7,12.6,42.1,13.0,9.4,95.5,0
12.8,6.3,19.5,2.6,10.7,5.8,72.1,0
11.2,5.1,18.4,0.0,7.9,5.3,58.4,0
9.3,4.2,15.8,0.0,5.5,6.6,51.4,0
7.1,1.7,14.8,0.0,6.7,2.3,69.6,0
6.0,1.1,12.3,0.0,5.3,4.9,56.1,0
2.8,-2.7,8.7,0.0,3.3,6.1,45.8,0
1.4,-3.0,6.8,0.0,2.6,1.3,39.5,0
2.3,-0.7,6.7,0.0,2.7,0.1,38.4,0
6.9,0.6,14.6,0.0,6.1,5.1,60.5,0
5.8,0.9,12.4,0.0,4.5,0.0,52.9,0
3.5,-2.3,8.8,0.0,4.3,1.0,55.9,0
5.8,0.3,9.7,2.3,6.6,6.1,70.5,0
6.8,2.7,11.5,0.0,6.0,8.0,62.3,0
3.7,-1.6,9.1,0.0,4.5,0.0,56.6,0
5.4,1.0,9.3,1.1,7.1,8.0,78.4,0
3.0,-3.6,8.4,0.0,5.9,3.8,77.5,0
-2.4,-8.5,3.7,0.0,2.8,0.0,52.4,0
-5.6,-10.0,-0.6,0.0,1.5,0.0,38.5,0
-4.5,-8.0,0.5,0.0,1.9,1.0,43.3,0
-3.0,-8.1,3.6,0.1,2.8,2.5,56.3,0
-4.8,-8.4,-0.5,0.0,1.7,0.1,41.1,0
-1.7,-6.2,3.7,0.1,2.9,6.5,52.9,0
-1.2,-8.0,5.7,0.0,2.2,3.9,40.4,0
-6.2,-10.7,-0.5,0.0,1.6,0.0,41.6,0
-7.3,-9.6,-4.1,0.0,1.8,0.9,50.4,0
-4.7,-7.7,-1.3,0.0,2.5,5.6,58.0,0
2.5,-1.3,8.1,1.7,5.0,6.6,68.3,0
4.8,1.6,9.5,0.0,3.9,5.3,44.9,0
4.8,-0.1,10.4,0.0,4.1,3.5,50.4,0
2.9,-2.6,8.8,0.0,4.5,2.6,61.1,0
1.4,-3.2,6.7,0.0,3.9,1.6,57.8,0
1.0,-4.3,7.2,0.0,3.2,5.5,52.3,0
-0.1,-4.1,5.6,0.0,3.1,1.5,53.8,0
-2.5,-7.3,1.9,0.0,2.6,6.1,51.3,0
-3.9,-8.4,1.7,0.0,2.3,1.0,50.3,0
-6.6,-9.7,-2.0,0.0,1.8,0.9,48.8,0
-5.2,-8.2,-0.7,0.0,2.2,1.9,53.3,0
-3.4,-6.9,0.4,0.0,2.4,1.5,52.4,0
-3.4,-6.0,0.0,0.0,2.8,3.5,60.5,0
-1.3,-2.7,0.9,1.7,4.3,6.6,76.6,0
-0.7,-6.8,4.8,1.2,3.5,3.3,59.0,0
-2.8,-8.0,2.4,0.0,2.2,0.6,45.4,0
-3.6,-7.2,0.9,0.0,2.2,0.8,48.9,0
-2.7,-5.9,2.1,0.0,2.5,2.0,51.6,0
-1.1,-4.6,4.0,0.0,2.8,2.1,50.0,0
1.3,-1.9,6.8,0.0,4.1,17.1,62.8,0
2.8,1.9,4.5,0.7,6.0,17.0,80.0,0
4.6,1.3,8.4,0.0,4.7,16.7,56.0,0
2.0,-0.6,6.7,0.0,3.7,16.7,52.4,0
0.3,-5.0,7.1,0.0,3.2,15.2,52.4,0
-2.7,-8.7,4.6,0.0,2.7,17.7,55.6,0
-5.0,-9.8,0.9,0.0,2.6,16.6,63.5,0
-5.3,-7.7,-2.7,1.7,3.0,14.0,72.3,0
-5.6,-9.9,-0.7,0.0,1.9,13.9,47.9,0
-5.8,-9.2,0.1,0.5,2.4,12.4,59.9,0
-2.0,-7.2,2.4,0.0,3.0,21.0,54.5,0
-1.0,-5.3,1.8,0.0,2.8,15.8,48.3,0
-4.8,-10.1,1.3,0.0,1.7,15.7,41.8,0
-6.4,-8.9,-3.1,0.0,1.7,18.7,45.8,0
-7.7,-11.3,-3.4,0.0,1.6,13.6,47.8,0
-7.4,-10.3,0.3,0.2,2.0,12.0,55.5,0
0.5,-3.4,4.4,0.9,4.2,16.2,68.3,0
1.3,-1.2,5.6,0.0,4.8,20.8,71.5,0
0.3,-5.0,3.7,0.0,4.2,19.2,64.3,0
-1.6,-5.9,4.5,0.0,2.5,15.5,47.1,0
-2.2,-5.9,3.3,0.0,2.4,20.4,47.1,0
-2.8,-7.8,1.9,0.0,2.4,16.4,47.6,0
-2.5,-5.6,1.0,0.0,2.6,12.6,51.8,0
-1.9,-8.0,2.5,0.0,3.2,20.2,58.3,0
-1.3,-5.2,3.0,0.3,3.3,18.3,57.9,0
-4.3,-10.2,2.3,0.0,2.1,19.1,46.3,0
-6.7,-8.8,-3.9,0.0,1.3,12.3,35.9,0
-3.9,-6.8,0.2,0.0,2.2,15.2,48.5,0
0.4,-3.8,5.9,0.2,4.6,22.6,72.9,0
-4.1,-8.5,-0.9,0.0,3.3,22.3,73.8,0
-7.6,-12.9,-3.9,0.0,2.2,21.2,60.9,0
-12.1,-15.5,-7.3,0.0,1.1,13.1,43.5,0
-11.7,-14.4,-7.3,0.0,1.1,19.1,42.4,0
-0.3,-7.3,3.2,0.2,4.1,23.1,65.3,0
2.7,-1.5,8.3,0.0,3.9,18.9,53.5,0
2.2,-2.6,8.2,0.0,3.3,19.3,47.4,0
5.2,0.8,8.9,0.0,6.5,26.5,70.9,0
5.2,-0.9,11.1,0.0,6.9,26.9,77.9,0
-0.8,-5.8,4.2,0.2,3.7,18.7,63.8,0
-5.7,-11.2,-1.8,2.8,2.8,17.8,64.1,0
-5.6,-10.1,3.2,0.0,2.2,19.2,50.5,0
6.4,3.3,9.8,0.0,6.8,18.8,71.6,0
7.2,5.4,10.0,2.1,8.6,20.6,84.8,0
3.7,-0.7,8.2,1.2,5.4,15.4,64.9,0
-2.2,-5.9,1.9,0.0,2.2,21.2,43.8,0
1.2,-3.8,5.1,0.0,4.3,18.3,61.8,0
6.0,4.4,9.8,0.0,7.8,18.8,83.6,0
7.0,5.8,8.2,0.7,8.2,18.2,81.5,0
6.5,2.7,9.7,0.0,6.7,21.7,70.3,0
6.7,1.9,13.3,0.0,6.7,1.6,70.0,0
6.8,2.6,13.3,0.0,6.6,0.0,68.3,0
5.4,-0.7,12.1,0.0,5.4,4.1,61.4,0
2.9,-2.3,9.6,0.0,3.7,0.0,50.4,0
1.4,-2.7,7.0,0.0,3.2,1.0,48.5,0
1.9,-1.8,4.6,0.4,3.8,1.4,53.3,0
1.3,-4.6,5.0,0.1,4.8,4.5,68.9,0
-1.3,-3.0,1.5,0.0,2.9,0.6,51.8,0
5.7,0.7,8.9,27.2,7.6,9.0,80.4,0
7.6,2.5,13.7,0.0,6.5,7.0,62.0,0
5.1,-1.3,12.4,0.0,4.4,4.0,52.4,0
3.4,-1.4,10.1,0.0,4.0,0.0,53.0,0
2.9,-0.5,7.2,0.0,4.3,1.4,57.5,0
5.7,2.6,9.9,0.0,4.9,1.9,55.0,0
4.1,-2.6,9.1,0.0,5.5,3.9,64.3,0
-0.6,-3.7,2.3,0.0,3.6,2.9,60.9,0
2.7,-0.6,7.5,1.3,4.7,3.3,61.8,0
10.4,7.6,13.1,5.9,9.2,8.9,74.4,0
10.4,6.8,15.6,0.0,9.5,3.3,77.0,0
12.9,10.2,16.7,0.0,12.5,6.5,84.8,0
11.9,7.7,16.2,0.0,10.1,7.5,70.8,0
7.5,2.7,12.5,0.0,6.4,3.5,64.1,0
8.5,4.4,13.6,0.0,6.9,0.0,65.5,0
10.1,5.8,15.7,0.0,8.4,3.6,71.3,0
11.3,7.8,16.4,0.0,9.1,3.4,69.8,0
7.3,0.5,13.4,0.0,6.8,4.5,66.1,0
4.5,1.3,8.6,0.0,4.6,1.3,55.4,0
5.3,2.1,9.7,0.0,5.4,3.0,60.6,0
4.2,0.7,7.7,0.3,6.1,7.4,73.4,0
4.9,3.0,6.5,2.0,7.0,8.1,80.3,0
8.6,4.5,15.5,25.7,9.2,9.9,82.1,0
15.3,9.7,21.3,0.0,9.8,7.0,57.5,0
14.1,8.8,21.3,0.0,9.4,1.3,61.1,0
13.0,7.8,20.2,0.0,9.6,0.6,68.5,0
12.1,8.4,16.3,0.0,11.2,2.4,80.4,0
12.1,7.6,17.1,0.0,9.7,3.0,71.1,0
11.5,7.9,16.9,0.0,10.2,4.0,76.6,0
12.9,10.3,16.9,0.0,11.2,3.0,77.3,0
14.1,9.2,20.3,0.7,11.5,3.8,73.3,0
13.8,11.0,18.0,0.0,9.7,6.1,62.4,0
14.6,10.5,20.6,0.0,9.1,4.6,55.9,0
12.7,7.1,20.0,0.0,7.7,0.0,54.6,0
13.4,9.8,18.1,0.0,9.5,2.5,63.4,0
13.0,7.7,19.0,0.0,10.9,3.6,74.5,0
11.7,6.3,17.6,0.0,8.5,0.8,64.5,0
11.4,6.0,18.1,0.0,8.2,0.3,63.1,0
11.4,5.7,18.4,0.0,7.4,0.3,57.3,0
10.8,5.2,17.2,0.0,7.2,0.8,58.4,0
9.8,4.9,16.2,0.0,7.5,3.3,64.1,0
9.5,4.6,15.8,0.0,7.5,0.3,64.9,0
10.9,7.1,15.0,4.4,9.5,4.0,72.8,0
9.6,2.8,16.1,5.6,7.5,6.6,60.4,0
5.6,1.3,10.8,0.0,3.4,0.0,37.4,0
10.7,4.2,18.1,0.0,6.5,6.1,47.5,0
19.0,17.0,21.4,0.0,16.2,9.6,74.4,0
19.7,17.4,23.9,0.0,16.6,5.8,73.6,0
19.6,14.9,25.2,0.0,15.1,2.1,66.6,0
17.9,15.8,21.3,0.0,13.6,6.9,67.1,0
15.2,12.6,17.8,0.3,13.5,8.3,78.6,0
19.9,14.9,24.3,14.2,20.7,9.8,89.0,0
20.9,18.5,24.1,0.4,20.5,6.8,83.5,0
18.8,17.5,20.0,3.5,19.7,9.5,91.3,0
19.4,17.9,21.9,4.6,19.2,9.4,85.5,0
18.8,17.9,21.7,6.4,19.7,9.0,91.5,0
23.6,21.7,26.5,0.0,23.9,8.1,82.4,0
22.9,19.2,25.6,3.6,22.7,9.5,81.0,0
22.3,17.1,28.8,0.0,18.0,2.0,69.5,0
20.7,16.4,26.6,0.0,18.3,4.0,77.1,0
21.1,16.9,27.5,13.3,18.3,2.9,75.8,0
20.3,16.0,25.9,0.0,19.7,2.0,83.9,0
20.2,17.8,21.4,13.1,22.0,7.6,93.5,0
21.5,19.6,24.4,1.3,19.0,9.8,75.1,0
21.6,18.7,25.0,0.0,16.9,8.3,66.0,0
22.6,18.4,27.3,0.0,17.1,6.8,63.0,0
21.2,18.7,23.1,0.0,18.2,8.6,72.6,0
21.8,16.7,26.9,0.0,17.2,1.5,67.5,0
20.9,16.9,25.9,0.0,16.2,3.4,67.3,0
20.2,16.8,24.3,4.5,18.4,4.1,79.0,0
22.0,17.4,26.2,68.1,22.3,8.0,85.1,0
23.7,19.0,28.4,0.0,18.4,5.9,63.6,0
23.7,20.8,27.8,0.0,18.3,6.3,62.9,0
23.9,18.9,29.8,0.0,19.0,2.3,65.1,0
23.5,20.5,28.2,0.0,17.6,3.8,61.4,0
22.9,18.0,27.3,0.0,16.8,5.1,61.1,0
23.6,19.5,28.9,0.0,16.5,0.6,57.5,0
24.6,20.0,29.5,0.0,18.9,2.4,63.3,0
24.8,20.8,30.3,0.0,20.8,6.9,67.1,0
24.2,19.2,29.8,0.0,19.1,1.9,64.6,0
24.0,19.9,29.4,0.0,21.3,2.0,73.1,0
23.6,19.5,28.9,0.0,21.7,3.9,76.0,0
23.5,19.1,29.1,0.0,21.7,6.5,76.5,0
22.2,19.0,26.9,1.6,21.3,4.5,81.3,0
19.6,17.6,20.9,29.6,22.3,10.0,98.1,0
22.3,18.0,26.4,12.0,18.5,8.9,70.1,0
23.1,19.4,27.3,0.0,17.2,5.8,61.1,0
23.2,18.5,28.6,0.0,16.0,4.4,57.0,0
24.3,20.6,29.2,0.0,17.8,1.9,60.3,0
23.5,20.7,26.7,0.0,20.2,8.3,70.3,0
21.4,18.5,23.9,0.8,21.0,9.3,83.1,0
20.5,18.1,23.1,77.4,22.3,9.9,93.3,0
24.2,21.2,27.7,0.0,23.1,8.3,77.5,0
23.7,21.9,26.3,0.9,24.0,8.6,82.6,0
23.6,19.7,28.2,0.0,23.1,8.4,80.4,0
22.4,20.4,25.5,0.9,22.6,9.1,83.5,0
25.5,22.9,27.9,0.7,27.6,8.1,84.9,0
25.0,23.5,27.3,0.3,26.8,8.4,85.5,0
23.4,21.1,26.4,10.5,27.0,10.0,93.6,0
22.4,21.0,24.0,7.4,24.1,9.5,89.3,0
24.4,22.4,27.0,0.0,24.7,8.6,81.5,0
23.8,21.0,25.5,62.8,25.7,8.8,88.1,0
26.6,22.6,30.7,0.0,21.9,6.9,63.6,0
26.0,21.0,31.5,0.0,18.8,4.0,57.1,0
24.3,20.6,31.0,5.6,20.7,5.3,69.6,0
25.9,21.9,31.3,9.3,21.1,5.5,65.0,0
27.3,22.5,32.8,0.0,21.7,3.8,61.1,0
26.9,21.7,32.4,0.0,20.7,1.8,59.6,0
26.1,23.4,30.5,0.0,21.4,6.5,63.9,0
26.6,23.4,30.1,0.0,24.2,8.0,70.4,0
26.8,24.0,31.7,0.0,23.3,5.9,67.1,0
27.4,24.1,31.6,0.0,25.4,5.8,70.3,0
27.7,24.3,32.2,0.0,22.9,4.5,62.5,0
28.3,23.3,33.6,0.0,23.4,5.6,62.4,0
26.8,24.4,32.1,12.7,26.1,8.1,74.8,0
28.0,23.4,32.3,0.0,24.0,3.3,65.0,0
28.1,26.0,32.2,0.0,25.7,7.4,68.4,0
29.4,25.6,33.7,0.0,27.5,4.6,68.1,0
28.9,26.3,33.2,0.0,27.7,5.9,70.6,0
28.0,24.1,31.4,0.0,28.8,6.1,76.9,0
26.5,25.0,28.6,1.7,28.4,9.0,82.6,0
27.1,25.1,28.8,21.0,29.2,9.8,81.8,0
29.8,26.8,34.3,3.0,28.8,6.9,69.9,0
30.5,25.8,35.4,0.0,26.9,6.5,63.1,0
29.6,27.0,33.3,0.0,28.6,6.8,69.9,0
30.4,27.1,34.7,0.0,28.8,3.8,67.4,0
31.1,27.8,35.7,0.0,27.1,3.9,60.5,0
31.2,27.4,35.4,0.0,24.5,1.6,54.9,0
31.5,27.2,35.9,0.0,25.3,4.9,55.8,0
31.7,26.9,36.5,0.0,26.1,3.0,57.4,0
31.2,27.2,35.8,0.0,27.6,2.3,61.8,0
31.2,26.5,35.9,0.0,26.4,4.0,59.8,0
30.5,25.3,35.3,0.0,27.0,3.5,64.0,0
27.9,23.6,31.8,0.0,28.0,7.6,75.8,0
26.4,24.0,30.5,67.4,27.1,6.9,80.1,0
29.6,25.7,34.1,0.0,25.4,5.6,62.5,0
29.1,24.7,32.8,0.0,24.9,4.8,63.1,0
28.8,24.2,35.2,0.0,26.6,3.5,68.4,0
29.1,25.9,34.5,0.0,28.3,5.1,71.1,0
29.7,26.1,33.5,0.0,29.4,7.0,71.4,0
28.8,26.3,31.5,0.0,29.9,6.8,76.1,0
28.1,23.8,32.5,0.0,28.2,6.6,75.1,0
25.7,24.1,27.5,0.4,28.5,7.8,86.8,0
25.9,23.1,29.2,0.5,26.6,7.4,80.4,0
25.5,23.6,29.2,0.0,25.0,6.5,77.3,0
26.0,23.8,29.8,2.9,27.1,7.1,81.6,0
26.4,23.9,29.1,12.7,26.8,9.4,78.5,0
25.3,21.0,30.1,0.0,23.3,7.0,73.4,0
23.3,20.1,26.9,0.0,22.7,8.9,80.3,0
21.4,19.8,23.1,21.4,24.6,9.9,96.8,0
22.6,19.6,25.7,60.0,21.5,8.5,80.0,0
27.1,23.6,31.8,0.0,22.6,5.8,64.1,0
26.3,21.4,31.0,0.0,23.7,2.3,70.9,0
24.3,21.0,28.8,6.0,23.3,6.1,77.9,0
23.9,21.3,28.4,8.0,23.0,6.5,78.6,0
23.7,21.0,29.2,0.1,22.1,8.1,76.4,0
24.5,19.8,30.8,38.2,21.4,5.4,72.1,0
22.8,19.9,26.7,4.5,21.6,7.3,78.5,0
24.1,19.5,29.5,0.0,20.3,4.0,69.0,0
23.0,18.5,28.0,0.0,19.6,3.0,71.1,0
22.4,18.8,27.9,7.5,18.8,4.4,70.5,0
22.8,19.7,28.6,0.0,18.6,6.8,67.9,0
23.6,19.2,28.5,0.0,18.9,3.3,67.0,0
22.9,17.6,29.0,0.0,20.0,3.1,73.3,0
22.3,17.5,27.4,0.0,19.5,4.1,74.0,0
20.0,19.0,21.4,6.3,21.4,9.8,92.1,0
21.9,19.6,25.0,0.0,18.6,9.4,71.4,0
24.3,20.3,28.9,0.0,17.9,2.5,59.9,0
22.5,21.5,25.3,1.9,21.5,7.0,79.1,0
24.8,18.9,30.2,0.0,21.0,6.8,68.8,0
24.8,20.9,29.7,0.0,22.4,3.5,72.6,0
24.2,18.2,30.2,0.0,21.8,5.0,74.6,0
21.5,19.9,24.4,4.6,21.5,6.4,84.5,0
24.9,20.5,29.8,6.1,21.1,8.5,68.5,0
25.8,19.5,31.6,0.0,19.0,3.4,59.1,0
23.6,18.8,29.5,0.1,19.9,5.4,69.6,0
21.1,19.4,24.0,0.0,17.8,7.8,71.5,0
23.0,18.4,28.2,0.0,19.1,3.8,69.6,0
20.8,17.0,25.7,0.0,16.5,3.0,68.1,0
18.5,13.3,23.6,0.0,14.1,2.6,69.4,0
19.1,14.6,22.7,18.1,17.8,9.6,80.8,0
23.2,16.6,29.7,0.0,17.4,3.4,64.4,0
20.2,15.9,23.9,3.2,17.5,8.1,74.6,0
19.9,16.5,23.8,4.0,18.0,7.4,78.9,0
18.4,10.8,26.3,18.1,14.6,3.9,73.0,0
15.4,12.8,19.1,0.3,13.8,5.1,79.8,0
15.3,12.4,19.7,12.3,14.8,8.6,86.0,0
15.8,13.9,18.7,8.9,14.8,30.8,83.0,0
18.0,11.5,23.0,0.0,11.4,26.4,58.5,0
15.3,11.9,19.3,8.3,12.3,25.3,72.3,0
19.4,16.4,24.5,0.0,13.3,31.3,61.0,0
19.5,14.3,25.1,0.0,14.2,28.2,64.4,0
18.6,13.8,23.8,0.2,14.3,25.3,69.3,0
16.0,14.2,18.2,6.9,15.6,27.6,86.5,0
18.7,15.6,22.9,0.9,12.6,29.6,59.8,0
19.9,12.4,26.6,0.0,11.6,31.6,52.3,0
17.9,13.6,24.5,0.0,14.1,32.1,70.5,0
15.3,14.2,16.7,3.1,16.1,28.1,93.0,0
18.4,14.8,20.8,66.9,20.7,33.7,97.6,0
22.1,20.8,26.2,15.0,20.8,34.8,79.5,0
24.1,18.0,30.8,0.0,17.5,32.5,60.3,0
22.9,16.6,29.6,0.0,14.8,30.8,54.4,0
22.0,16.9,27.7,0.0,10.3,21.3,39.5,0
18.5,9.4,25.7,0.0,9.5,6.0,48.9,0
13.2,11.7,14.6,0.0,10.3,8.6,67.9,0
15.7,10.0,21.8,0.0,8.5,0.3,51.3,0
14.3,8.9,21.0,0.0,10.4,1.1,66.1,0
14.4,10.7,17.2,8.8,9.8,3.1,60.3,0
15.7,7.9,23.1,0.0,7.8,4.8,46.4,0
13.9,10.3,18.4,0.1,9.8,2.6,64.4,0
13.8,11.4,15.8,19.6,13.2,9.6,82.6,0
14.1,8.4,20.3,0.0,8.5,3.8,56.4,0
12.4,7.3,18.7,1.7,9.4,2.6,67.9,0
10.2,8.5,15.3,8.0,9.9,9.4,80.8,0
11.3,8.6,14.6,26.3,10.8,9.5,81.8,0
14.6,10.9,20.1,3.9,8.6,7.6,54.1,0
14.5,11.2,18.2,4.7,10.3,7.9,64.1,0
15.4,12.5,20.0,1.7,10.6,9.4,62.4,0
16.2,12.3,20.6,0.0,9.6,4.5,51.8,0
18.2,12.6,24.0,0.0,10.0,1.1,50.0,0
18.3,15.3,22.2,0.0,8.8,6.8,43.0,0
19.0,17.0,21.7,0.0,8.9,9.6,41.4,0
20.9,16.1,27.5,0.0,9.1,8.9,37.9,0
19.1,10.3,28.2,0.0,9.0,3.9,43.1,0
14.8,8.1,22.0,0.0,8.7,2.9,55.1,0
12.2,5.8,19.4,0.0,9.0,0.0,65.3,0
9.9,5.6,15.3,0.0,7.7,0.9,64.3,0
9.6,6.0,14.6,0.0,6.7,3.8,56.6,0
11.3,8.1,14.8,0.7,8.0,6.9,60.0,0
11.6,6.3,18.3,0.0,8.1,4.9,62.3,0
8.4,3.1,13.3,0.0,6.2,0.3,58.5,0
10.4,5.7,13.5,8.0,9.4,6.6,74.0,0
13.8,11.9,17.8,22.0,10.8,9.8,70.4,0
15.0,7.5,21.8,0.0,7.3,3.5,45.4,0
12.6,7.7,18.8,0.0,7.1,0.5,50.0,0
13.6,7.6,19.6,0.0,6.0,0.6,39.3,0
13.0,7.2,18.0,0.0,5.0,0.0,34.0,0
14.1,8.1,20.4,0.0,7.2,0.0,47.5,0
13.9,9.4,19.2,0.0,7.8,2.4,50.9,0
11.9,5.4,19.3,0.0,6.2,2.3,47.9,0
11.9,9.0,15.8,0.6,9.0,6.3,65.8,0
14.9,10.9,18.0,56.2,13.4,9.9,80.8,0
17.8,12.5,23.0,0.0,7.1,8.1,35.6,0
17.7,12.0,24.0,0.0,6.3,5.3,33.0,0
14.5,5.9,22.9,0.0,6.3,3.8,41.0,0
10.8,4.1,18.2,0.0,5.6,0.6,47.3,0
10.2,7.3,14.6,0.2,7.4,5.5,62.3,0
9.0,7.7,13.0,9.2,11.0,10.0,95.8,0
12.1,10.2,15.0,25.5,9.9,9.6,70.9,0
12.6,4.8,20.6,0.0,7.7,5.5,58.4,0
11.9,6.8,19.0,0.0,9.1,2.4,68.5,0
10.8,5.7,16.9,0.0,7.7,4.3,61.5,0
9.1,2.5,16.4,0.0,7.1,0.3,63.5,0
6.2,1.1,11.1,0.0,5.1,0.4,55.3,0
5.8,3.1,8.6,0.3,6.1,6.8,65.9,0
9.9,7.4,14.7,5.1,8.8,9.8,74.6,0
15.3,11.4,20.2,0.0,8.1,6.8,47.9,0
11.7,5.0,18.4,0.0,6.7,5.0,50.1,0
8.8,1.8,17.5,0.0,5.0,0.3,44.9,0
8.4,4.9,13.1,1.3,5.7,1.9,52.5,0
10.6,5.1,15.7,1.7,8.5,8.9,68.8,0
9.1,4.9,14.7,0.0,8.1,3.5,71.4,0
9.2,4.6,14.2,0.0,7.1,5.0,62.8,0
10.5,7.2,14.9,0.0,7.2,7.0,57.0,0
10.2,4.7,17.1,0.0,5.9,6.4,50.8,0
8.8,1.7,17.1,0.0,6.5,0.4,61.8,0
6.6,2.1,12.2,0.0,5.5,4.3,58.5,0
7.0,1.5,13.9,0.0,5.8,0.0,60.3,0
6.2,2.1,12.2,0.0,5.9,3.5,62.9,0
6.6,3.2,11.6,0.0,6.7,4.9,69.5,0
9.0,3.0,16.2,0.0,7.8,1.3,70.3,0
7.2,2.5,13.0,0.0,6.3,6.3,62.4,0
4.4,-1.2,9.9,0.0,5.1,4.5,64.4,0
2.3,0.2,6.9,0.1,5.4,5.5,75.9,0
4.7,0.5,9.0,67.5,7.7,10.0,91.0,0
7.8,3.2,10.8,0.0,5.1,6.1,49.0,0
9.5,4.3,16.2,0.0,5.7,3.5,48.6,0
8.2,0.5,15.8,0.0,3.7,4.5,35.0,0
4.2,0.7,8.2,0.0,2.8,8.1,35.1,0
2.9,-3.0,10.1,0.0,2.4,6.5,33.0,0
0.0,-3.1,4.3,0.0,2.0,3.3,34.0,0
7.8,0.4,12.6,0.0,6.5,2.6,58.3,0
10.8,4.7,17.4,0.0,8.4,0.8,66.6,0
8.8,5.5,14.9,0.0,6.5,2.4,60.4,0
1.6,-7.1,8.9,0.0,5.0,3.3,66.9,0
-5.8,-10.6,-0.4,0.0,1.8,0.0,44.9,0
-8.3,-10.4,-5.2,0.0,1.4,1.6,44.1,0
-5.1,-7.0,-1.3,1.5,2.4,4.0,57.9,0
1.2,-5.2,8.2,1.4,4.6,5.8,65.1,0
9.5,6.4,13.8,0.0,5.6,8.1,47.6,0
7.6,1.0,15.9,0.0,5.0,1.1,50.6,0
6.5,0.6,14.0,0.0,5.6,4.0,60.6,0
5.5,1.3,10.9,0.0,6.3,5.3,71.5,0
3.4,-1.5,7.2,0.0,5.9,6.3,75.1,0
-0.9,-6.1,4.7,0.0,2.9,0.1,51.9,0
-3.1,-5.4,0.2,0.0,2.1,0.0,43.6,0
3.6,-2.6,7.7,0.0,5.4,4.4,67.0,0
6.8,4.3,9.5,0.0,8.0,9.0,80.4,0
1.4,-4.4,6.7,0.0,5.0,6.0,71.8,0
-3.6,-7.4,0.7,0.1,2.3,0.1,50.1,0
-3.2,-9.4,1.4,3.4,3.3,5.0,64.6,0
-5.6,-8.2,-2.4,0.0,1.8,1.8,44.1,0
5.0,-2.3,9.5,0.7,6.9,7.6,74.5,0
3.2,-3.8,8.7,0.0,4.3,4.8,57.0,0
-1.6,-8.1,5.2,0.5,3.3,3.9,60.0,0
-8.8,-11.6,-4.9,0.0,1.3,0.3,40.0,0
-2.6,-9.7,1.4,2.0,2.8,5.1,52.3,0
1.7,-1.8,6.5,0.0,3.2,6.4,47.6,0
5.3,1.7,7.4,1.7,7.1,8.4,80.4,0
7.9,3.0,13.9,0.0,6.4,6.3,62.0,0
7.3,2.4,13.9,0.0,6.4,3.4,63.9,0
7.6,4.8,12.2,0.0,6.8,6.5,66.0,0
5.5,4.8,6.6,0.1,8.4,26.4,92.9,0
4.5,2.5,7.0,9.2,5.5,17.5,64.4,0
-0.1,-6.6,7.1,0.0,2.3,19.3,37.8,0
-6.3,-11.6,-0.2,0.0,1.4,19.4,37.9,0
-3.8,-9.1,0.2,0.3,3.1,18.1,64.3,0
-5.5,-10.8,-1.3,0.0,2.5,15.5,58.5,0
-4.9,-8.7,-0.7,0.0,2.6,17.6,59.3,0
4.5,-0.7,9.9,0.2,5.9,15.9,67.4,0
1.7,-3.6,7.0,0.0,3.1,16.1,46.5,0
2.0,-3.0,8.3,0.0,5.7,22.7,80.3,0
-3.9,-9.3,-0.5,2.6,3.8,19.8,79.5,0
-6.7,-9.6,-4.0,0.0,2.3,16.3,62.1,0
-7.7,-12.8,-2.7,0.0,1.9,19.9,54.4,0
-12.2,-16.6,-7.5,0.0,1.1,17.1,46.3,0
-14.9,-18.6,-10.7,0.0,0.9,18.9,44.0,0
-14.5,-16.5,-8.4,0.0,1.0,21.0,49.9,0
-7.4,-12.0,-1.9,2.3,1.9,13.9,54.6,0
-5.5,-9.9,-2.1,0.0,2.2,2.6,52.8,0
-3.5,-8.4,0.3,0.0,2.5,4.8,51.4,0
-5.6,-9.1,-2.0,0.0,1.8,2.9,45.0,0
-5.0,-8.4,-1.4,0.0,1.6,0.0,38.5,0
-4.2,-9.8,1.6,0.0,2.9,3.9,64.0,0
-8.9,-12.9,-5.0,0.0,1.7,0.4,53.9,0
-10.9,-12.9,-6.2,0.0,1.5,0.8,55.5,0
0.1,-6.2,4.3,0.2,4.6,8.5,70.8,0
6.7,4.2,11.4,1.3,6.9,5.3,72.1,0
5.8,1.4,10.0,0.0,5.8,7.5,62.9,0
2.2,-2.1,8.0,0.0,4.7,3.0,65.8,0
-0.8,-4.7,3.5,0.0,3.0,0.1,51.9,0
2.6,-2.0,6.1,0.0,4.6,1.3,61.5,0
4.5,-0.4,8.5,0.0,6.5,7.8,76.6,0
2.0,-2.5,7.2,0.0,4.7,4.8,67.6,0
-1.0,-6.0,4.7,0.0,3.6,0.9,64.1,0
-3.7,-8.2,1.1,0.0,2.3,0.0,50.4,0
-5.1,-9.6,-1.2,0.0,1.9,1.4,45.1,0
-2.1,-6.4,1.8,0.2,3.0,4.1,57.0,0
-4.9,-11.1,0.8,0.0,2.0,2.3,47.0,0
-8.3,-11.2,-3.9,0.0,1.4,0.0,43.9,0
-8.3,-11.1,-4.6,0.0,1.4,0.0,43.0,0
-7.7,-9.7,-5.0,0.0,1.7,0.0,49.1,0
-1.1,-6.0,2.0,2.9,4.4,5.4,74.9,0
2.3,-0.3,6.1,0.0,3.6,1.8,51.3,0
5.3,2.6,9.4,0.0,6.8,6.5,77.1,0
5.8,3.2,9.3,0.0,6.5,7.8,69.9,0
1.5,-4.1,6.2,0.0,3.8,4.5,55.1,0
-0.5,-3.5,4.1,0.0,2.9,0.4,50.0,0
3.4,-0.7,6.3,0.0,4.5,3.8,57.5,0
4.5,1.2,9.1,0.0,5.6,4.3,66.9,0
2.1,-2.2,6.6,0.0,4.5,5.6,63.1,0
-0.6,-4.6,4.4,0.0,3.0,0.9,53.8,0
0.7,-2.3,4.2,0.0,3.0,1.0,47.1,0
2.4,0.5,6.1,0.0,3.0,6.6,41.4,0
1.1,-3.6,6.7,0.0,2.8,4.4,44.5,0
-0.2,-3.6,4.3,0.0,3.4,0.0,57.8,0
-0.6,-3.6,2.6,0.0,3.5,4.1,59.6,0
-0.1,-2.3,2.8,0.0,3.0,2.9,50.0,0
4.1,0.6,7.7,0.0,5.0,4.9,61.6,0
5.6,1.9,10.9,0.0,5.9,5.5,66.5,0
4.6,0.0,9.5,0.0,5.4,5.4,64.1,0
2.9,0.2,6.4,0.0,4.1,6.1,54.5,0
1.7,-1.5,5.9,0.0,4.2,0.3,61.4,0
5.6,1.5,9.1,4.8,7.4,7.8,80.5,0
6.5,-0.3,12.8,0.2,6.6,6.1,67.9,0
2.8,0.3,7.0,0.0,5.6,6.6,74.3,0
13.6,6.9,19.1,86.9,14.9,9.8,90.5,0
16.6,14.8,18.7,12.2,17.2,9.8,91.4,0
15.9,11.7,20.0,0.1,12.2,7.4,67.5,0
12.4,7.5,18.3,0.0,9.8,2.1,70.1,0
11.1,8.2,14.9,0.0,9.8,3.4,75.0,0
12.5,6.8,19.3,0.0,9.2,1.3,66.9,0
12.2,8.5,17.6,0.0,10.0,3.0,71.5,0
10.4,4.6,17.7,0.0,6.9,2.0,56.9,0
9.3,3.5,16.5,0.0,6.1,0.0,53.5,0
7.7,3.5,12.9,0.0,5.8,0.0,56.1,0
5.5,0.7,8.9,0.0,3.7,2.4,40.9,0
8.5,3.1,12.4,0.0,5.0,0.0,43.8,0
14.6,12.2,18.1,0.1,11.2,3.6,68.8,0
13.5,9.9,17.2,0.0,9.8,8.9,63.3,0
9.6,3.4,15.9,0.0,7.3,5.3,61.5,0
4.9,0.2,10.8,0.0,3.7,0.0,43.9,0
5.1,2.7,8.6,0.5,4.1,21.5,47.5,0
10.8,7.9,15.6,1.7,7.1,23.0,58.3,0
13.7,11.6,15.0,13.6,13.2,28.6,84.3,0
13.6,8.5,18.2,0.0,9.3,26.1,60.3,0
11.9,5.8,19.6,0.0,5.8,20.4,42.9,0
10.8,5.5,16.1,0.0,5.1,23.1,40.3,0
13.8,8.6,18.2,0.0,8.2,23.8,52.1,0
14.0,9.0,19.4,0.0,11.6,21.1,74.1,0
12.9,8.0,19.0,0.0,10.3,21.6,71.6,0
11.8,5.4,18.2,0.0,8.3,22.8,62.5,0
8.7,3.2,14.0,0.0,5.3,20.0,47.6,0
8.6,5.4,13.3,0.0,5.6,20.0,51.5,0
13.6,7.2,20.2,0.0,10.0,0.5,65.5,0
13.1,8.7,18.6,0.0,9.2,1.0,64.3,0
11.8,8.6,15.4,0.0,8.9,7.6,64.3,0
11.7,6.5,18.5,0.0,5.7,6.6,41.8,0
12.8,8.5,18.0,0.0,6.9,6.6,47.0,0
13.6,8.6,18.4,0.0,7.9,3.5,52.3,0
16.2,12.1,21.3,0.0,12.5,2.6,68.6,0
16.9,12.7,20.8,0.0,13.0,5.8,68.5,0
16.9,12.3,21.5,0.0,11.3,5.3,60.1,0
17.2,12.4,23.3,0.0,10.4,4.6,53.4,0
17.2,12.1,23.1,0.0,10.1,0.1,53.0,0
16.0,9.9,22.0,0.0,8.5,3.8,48.9,0
14.2,9.3,19.7,0.0,8.7,2.5,55.9,0
13.3,8.5,18.4,0.0,8.6,2.3,57.3,0
16.6,10.6,21.8,0.0,12.4,7.1,65.1,0
19.9,18.3,23.2,0.0,16.7,8.0,72.5,0
19.2,16.3,21.9,0.0,17.7,9.1,79.6,0
18.8,15.6,23.6,0.0,16.1,5.5,74.9,0
19.6,16.2,25.7,38.3,17.4,7.1,78.0,0
19.6,15.3,23.9,0.0,15.1,6.8,67.6,0
20.7,15.7,26.5,0.0,15.7,1.1,66.0,0
20.4,14.9,25.8,0.0,14.8,1.1,63.3,0
19.3,14.8,24.8,0.0,13.7,4.0,62.5,0
20.1,16.6,25.4,0.0,14.9,4.9,64.1,0
20.6,16.8,25.4,0.0,14.4,6.6,59.6,0
19.2,15.2,23.8,0.0,13.3,7.6,59.9,0
20.2,15.5,25.6,0.0,12.7,3.1,55.3,0
19.1,13.6,25.3,0.0,12.0,4.5,56.1,0
19.7,15.6,24.9,0.0,12.8,0.0,57.6,0
21.2,17.6,26.2,0.3,14.3,1.5,59.3,0
21.5,18.1,25.8,0.0,15.5,3.1,62.0,0
21.3,20.1,23.6,0.0,17.5,8.4,70.3,0
22.5,21.3,24.9,0.3,21.7,9.4,79.9,0
23.0,18.9,27.7,0.0,21.0,7.5,76.4,0
21.3,17.6,24.9,0.0,19.9,4.6,79.3,0
21.5,16.7,26.6,0.0,17.8,2.8,70.4,0
20.2,18.1,23.2,5.7,19.7,9.5,83.8,0
22.4,19.2,27.1,1.2,19.3,7.6,72.6,0
22.8,18.8,27.0,3.9,20.5,6.3,75.8,0
21.1,19.0,25.3,1.3,20.7,7.6,83.4,0
23.4,20.6,26.5,0.0,20.2,5.4,71.5,0
19.2,17.5,20.6,61.0,20.8,10.0,93.5,0
21.7,19.5,24.4,6.4,20.5,9.4,80.0,0
23.3,19.2,27.3,0.0,18.8,8.0,66.6,0
23.3,19.9,27.5,0.0,17.8,1.6,63.9,0
22.7,20.0,25.6,29.8,22.4,7.4,82.0,0
24.3,22.6,26.4,33.3,27.6,9.6,91.3,0
26.6,23.8,29.5,0.0,25.0,8.8,72.4,0
26.4,23.8,30.0,0.0,26.6,8.8,77.9,0
26.8,24.4,30.6,42.5,31.0,7.9,88.8,0
26.8,25.5,29.0,13.6,31.7,8.4,90.1,0
27.3,26.0,29.7,13.6,32.2,8.9,89.1,0
27.1,25.6,28.6,8.7,30.2,9.9,84.6,0
30.2,27.0,34.5,0.6,28.8,6.4,68.3,0
29.9,26.0,34.5,0.0,28.8,5.9,69.5,0
27.8,23.7,32.0,0.0,26.5,5.9,71.6,0
25.3,21.5,29.9,0.0,24.9,6.0,78.4,0
24.3,21.7,27.6,42.6,26.4,9.0,87.4,0
26.6,25.2,29.2,2.5,28.9,8.8,83.1,0
27.7,25.0,31.7,0.0,27.8,6.4,76.0,0
27.1,23.6,31.4,0.0,27.1,2.3,76.8,0
27.5,24.0,31.9,0.0,27.5,2.8,76.3,0
28.2,26.1,32.2,0.0,29.4,4.4,77.9,0
27.4,25.3,30.8,0.0,29.9,8.3,82.6,0
26.1,25.0,27.0,69.0,32.3,9.3,96.0,0
27.1,26.5,28.0,0.4,30.9,9.3,86.1,0
28.0,26.3,30.3,0.0,31.0,8.5,82.4,0
27.2,23.5,31.3,0.0,30.1,8.3,83.9,0
24.6,22.4,27.3,97.0,28.5,9.5,92.5,0
26.5,24.7,29.5,44.6,31.7,9.9,91.6,0
24.9,23.7,25.8,50.3,29.9,9.8,95.4,0
24.2,22.7,26.1,19.1,27.0,9.1,89.5,0
24.3,22.6,26.1,0.0,25.6,9.0,85.3,0
24.1,22.9,26.0,75.7,27.7,8.0,92.8,0
26.5,25.5,29.1,18.5,31.8,9.8,92.1,0
27.0,25.0,29.4,3.9,31.6,9.6,89.3,0
25.0,23.9,26.3,102.6,30.4,10.0,96.3,0
24.9,23.5,26.4,31.4,30.3,10.0,96.3,0
25.3,24.3,26.9,39.1,29.2,9.8,90.9,0
26.2,22.8,29.6,1.5,27.7,6.9,81.9,0
25.3,23.4,28.4,0.1,27.4,8.3,85.5,0
23.7,22.6,24.9,50.1,28.0,10.0,95.8,0
24.4,22.7,26.4,0.4,25.7,9.9,84.8,0
24.3,22.9,25.5,2.2,26.1,10.0,86.4,0
25.4,21.6,29.6,0.0,22.3,7.4,69.3,0
24.3,22.3,29.0,0.0,21.0,7.8,69.3,0
22.5,18.7,26.8,2.9,20.2,9.3,74.3,0
21.1,18.5,22.6,103.1,23.9,10.0,95.5,0
23.7,22.6,25.7,11.5,26.0,9.8,89.3,0
25.0,21.4,30.5,0.0,23.9,6.3,77.0,0
23.8,22.4,26.6,3.6,25.4,9.6,86.3,0
24.0,20.6,26.6,29.1,24.2,9.9,81.6,0
26.1,22.8,31.0,0.0,24.0,5.4,71.6,0
26.0,21.5,31.6,0.0,23.8,4.5,72.0,0
25.0,20.4,29.7,0.0,22.1,4.1,70.9,0
23.4,18.9,28.7,0.0,17.7,5.1,63.1,0
20.3,17.2,24.3,11.5,18.7,9.9,79.4,0
18.7,17.7,21.7,47.6,20.3,10.0,94.8,0
23.5,21.7,26.0,2.9,20.6,9.1,71.9,0
25.8,22.2,30.2,0.0,20.5,7.3,62.6,0
24.5,22.7,27.7,2.2,23.0,6.6,75.0,0
27.5,21.8,32.9,0.0,22.9,4.8,64.6,0
25.5,21.3,30.4,0.0,22.9,2.9,71.9,0
24.1,22.1,28.1,0.0,22.5,6.3,75.5,0
25.6,21.8,30.9,0.0,21.5,7.4,66.6,0
23.8,19.9,27.6,0.0,19.9,5.3,68.6,0
24.2,20.4,29.5,1.6,18.6,29.6,63.9,0
25.5,21.6,30.6,0.1,19.8,32.8,63.5,0
24.2,20.4,29.8,0.0,22.1,37.1,74.5,0
21.1,18.1,24.3,0.0,19.7,37.7,79.3,0
20.1,18.4,23.1,64.7,19.3,36.3,83.0,0
23.8,20.6,26.5,11.9,22.4,37.4,77.0,0
25.2,21.5,30.1,0.0,22.2,35.2,70.5,0
24.1,20.4,29.6,0.0,20.8,38.8,70.4,0
21.8,19.2,25.7,2.1,21.2,39.2,82.1,0
21.6,20.1,23.4,13.3,23.3,38.3,91.0,0
22.3,19.9,26.3,37.6,22.0,32.0,83.5,0
27.3,23.2,31.0,0.0,19.2,34.2,53.5,0
28.6,21.7,35.4,0.0,18.8,1.6,50.5,0
26.1,19.5,32.7,0.0,19.3,0.1,59.5,0
24.9,20.7,29.7,0.0,19.3,0.9,62.6,0
24.7,21.1,30.0,0.1,18.8,6.3,61.4,0
23.4,20.3,27.3,0.0,17.5,9.0,61.4,0
24.3,20.2,30.3,0.0,17.4,7.4,58.6,0
24.4,20.0,30.7,0.0,18.7,6.0,63.0,0
23.0,18.2,28.6,0.0,16.7,6.0,62.3,0
24.0,20.1,28.8,1.1,20.6,4.4,70.6,0
26.9,20.6,33.5,0.0,17.9,5.5,52.8,0
24.7,21.6,27.6,0.0,21.1,8.1,68.6,0
26.1,21.7,31.6,0.0,22.2,5.8,68.3,0
25.8,22.5,32.1,6.2,20.5,9.0,63.8,0
26.7,20.3,32.8,0.0,17.5,3.0,51.6,0
25.0,19.8,32.0,0.0,19.4,3.0,63.6,0
22.7,19.2,29.2,0.0,18.8,3.3,69.4,0
24.6,19.2,30.9,0.0,19.1,2.3,63.6,0
23.0,18.4,28.7,0.0,18.8,5.5,69.4,0
21.9,19.7,26.5,0.2,21.0,8.4,81.1,0
22.0,17.6,28.4,0.0,18.8,5.8,73.3,0
17.9,14.8,21.8,2.0,14.4,9.3,71.0,0
19.7,16.6,24.5,0.4,14.2,3.8,64.3,0
21.2,17.6,28.0,1.0,15.4,8.5,63.0,0
22.6,16.5,30.0,0.0,15.0,1.1,57.3,0
20.7,14.6,27.6,0.0,15.5,1.3,65.6,0
18.7,14.2,23.4,0.0,13.0,3.9,62.8,0
17.4,11.8,23.9,0.0,13.1,1.5,68.5,0
16.2,12.7,22.9,1.5,14.8,7.8,81.9,0
16.6,13.7,21.3,0.0,15.1,8.1,81.0,0
17.1,14.3,20.2,14.5,16.4,8.4,84.8,0
20.1,16.6,25.0,0.0,15.2,7.4,66.1,0
18.5,14.8,22.7,0.0,14.6,8.6,68.5,0
17.4,10.9,22.9,0.0,10.9,4.8,56.1,0
14.4,9.2,20.1,0.0,9.8,6.0,60.4,0
13.0,10.1,17.1,19.0,10.9,7.6,73.6,0
19.1,13.2,26.8,29.8,17.2,8.5,79.4,0
19.1,14.6,24.9,0.0,17.5,7.1,80.1,0
16.7,15.0,20.3,2.5,17.0,9.5,90.3,0
16.1,14.1,20.2,12.0,14.5,10.0,81.4,0
19.3,12.4,25.4,0.0,7.5,8.3,35.4,0
16.1,10.2,21.8,0.0,8.0,0.6,47.3,0
14.3,10.5,18.9,0.7,11.1,3.3,69.4,0
16.5,12.4,22.0,3.4,10.8,8.1,61.0,0
14.4,12.8,16.6,1.3,14.4,9.0,88.6,0
14.2,12.7,16.8,24.4,15.3,10.0,94.4,0
19.9,14.3,27.3,2.3,6.9,7.4,32.8,0
20.7,14.9,26.5,0.0,7.7,6.8,32.5,0
19.4,11.1,27.6,0.0,10.3,1.8,50.0,0
16.0,13.1,19.3,0.0,12.3,5.4,67.9,0
20.2,14.8,25.3,0.0,15.0,3.4,63.9,0
21.8,17.0,27.4,0.0,17.4,7.0,68.8,0
20.3,18.0,23.9,0.0,18.9,9.0,79.6,0
20.2,16.4,26.2,0.0,17.2,6.6,73.6,0
17.1,9.3,23.4,0.0,11.5,5.3,57.1,0
14.9,9.3,21.0,0.0,7.7,0.4,48.6,0
13.9,7.8,19.9,0.0,7.6,0.0,50.0,0
12.9,8.7,18.3,0.0,7.1,3.4,49.8,0
12.3,6.8,19.0,0.0,5.8,0.8,43.1,0
13.1,9.9,17.1,0.0,8.3,3.3,54.4,0
9.9,4.1,14.3,0.0,6.7,1.8,55.6,0
7.9,2.9,12.8,0.0,4.9,1.6,47.8,0
6.0,4.1,8.3,0.0,4.4,4.1,46.8,0
7.4,4.8,10.4,0.0,5.0,23.6,49.0,0
10.0,7.6,13.1,0.1,9.0,27.4,73.0,0
12.3,9.5,15.5,10.3,10.6,29.5,75.8,0
13.5,8.5,19.6,0.0,10.2,22.6,67.9,0
12.5,10.4,15.4,6.5,11.1,29.1,77.8,0
16.0,8.9,23.8,0.0,7.0,22.9,39.9,0
13.2,7.2,20.2,0.0,5.8,25.4,39.8,0
13.0,7.6,19.6,0.0,6.6,21.3,46.8,0
12.4,4.3,20.4,0.0,5.1,21.9,39.4,0
9.9,4.4,15.6,0.0,6.9,23.1,58.6,0
9.9,6.2,16.0,0.0,7.5,4.8,63.8,0
10.7,5.8,16.8,0.0,6.6,4.8,52.6,0
8.9,4.3,14.7,0.0,5.1,1.3,44.6,0
9.4,5.2,14.2,0.0,2.8,0.0,25.5,0
10.6,6.0,16.8,0.0,7.1,2.1,56.6,0
9.3,2.9,16.1,0.0,4.3,3.5,38.3,0
7.2,1.9,13.7,0.0,3.0,0.0,29.5,0
8.9,5.0,13.3,0.0,3.9,0.8,36.4,0
10.0,5.3,16.3,0.0,6.3,1.3,53.8,0
9.3,3.4,15.5,0.0,4.4,2.6,41.4,0
11.3,6.0,17.4,0.0,4.5,3.5,35.6,0
11.9,4.7,18.6,0.0,4.5,5.5,34.5,0
10.2,4.3,16.9,0.0,4.4,0.9,38.4,0
8.7,1.3,16.1,0.0,3.4,1.5,30.6,0
7.7,4.5,12.8,0.0,1.8,5.1,17.9,0
11.9,6.7,15.8,2.0,8.1,5.1,56.4,0
14.8,8.1,20.6,1.8,8.9,6.9,53.8,0
12.5,6.1,19.2,0.0,4.7,4.0,33.6,0
11.4,5.3,17.9,0.0,4.4,0.0,35.0,0
10.6,5.4,17.0,0.0,4.8,0.0,37.9,0
11.0,6.1,16.5,0.0,4.5,0.1,37.5,0
12.8,7.9,19.5,0.0,8.4,6.9,56.5,0
8.8,3.1,14.0,0.0,4.2,0.4,39.6,0
9.1,5.8,12.1,0.0,5.8,3.4,49.0,0
10.0,2.7,17.0,0.0,4.9,0.0,45.8,0
6.6,3.1,12.3,0.0,6.4,4.8,65.8,0
3.6,-2.1,9.1,0.0,3.2,1.0,42.4,0
4.0,0.2,8.5,0.0,3.8,3.1,48.3,0
3.6,-2.7,8.6,0.0,3.9,2.1,48.1,0
4.9,-0.1,8.7,0.5,3.6,6.6,41.0,0
6.8,0.2,13.3,0.0,4.6,4.0,49.8,0
3.8,0.0,8.3,0.0,3.3,0.0,41.8,0
6.4,3.2,10.8,11.8,7.6,7.5,78.4,0
11.1,4.8,17.6,0.0,4.7,6.5,37.6,0
9.3,2.3,16.9,0.0,4.7,0.3,43.8,0
7.0,1.3,14.2,0.0,3.8,5.4,39.5,0
3.7,-2.5,10.1,0.0,3.5,2.5,46.8,0
1.4,-2.8,6.3,0.0,3.1,0.0,47.5,0
2.2,-1.3,4.6,0.0,3.9,5.1,53.4,0
4.8,0.3,10.5,0.0,4.9,6.5,57.0,0
3.4,0.0,7.6,0.0,4.2,1.6,55.3,0
5.8,3.2,10.1,0.2,6.6,8.1,71.8,0
7.7,4.5,13.0,0.5,6.9,3.0,68.6,0
4.5,3.6,5.9,3.9,6.7,9.8,79.4,0
6.1,1.3,12.5,0.0,4.9,2.6,54.0,0
6.4,2.8,10.4,0.0,5.6,5.3,59.6,0
6.7,4.7,9.4,16.6,7.2,7.5,73.5,0
7.0,0.8,12.2,0.0,5.2,7.0,51.8,0
2.5,-2.5,8.0,0.0,3.4,0.9,48.6,0
4.0,0.0,7.9,3.1,5.1,5.9,62.0,0
6.7,2.1,10.9,4.2,6.5,9.3,66.3,0
4.6,-0.6,10.8,0.0,5.1,2.5,62.6,0
1.0,-4.4,6.4,0.0,3.7,6.0,56.8,0
-4.1,-8.3,1.3,0.0,2.0,0.0,44.0,0
-1.4,-4.3,7.7,13.4,4.6,8.9,81.1,0
9.8,6.2,15.6,2.0,7.4,5.8,63.0,0
8.1,3.2,14.7,0.0,7.3,2.1,70.3,0
6.5,4.9,8.7,0.0,8.2,9.1,84.8,0
7.4,6.5,8.2,6.7,7.6,9.9,73.4,0
6.8,-0.5,14.6,0.0,3.4,22.3,37.0,0
4.0,-0.7,9.6,0.0,3.8,21.1,49.4,0
-0.5,-5.6,4.1,0.0,3.0,22.8,51.1,0
-0.1,-2.3,3.7,0.0,2.9,22.5,48.1,0
-1.7,-7.2,2.2,0.0,2.5,28.9,45.1,0
-6.4,-11.8,0.4,0.0,1.4,20.9,36.4,0
-8.3,-11.0,-4.9,0.0,1.2,20.0,37.3,0
-1.6,-6.0,3.9,1.7,2.9,23.9,50.3,0
-0.4,-2.9,3.0,0.0,2.6,1.5,43.6,0
1.5,-2.1,5.3,0.0,3.4,6.1,52.3,0
2.6,-1.2,7.6,0.0,4.9,3.4,66.6,0
3.9,1.4,8.9,0.0,4.8,4.8,59.6,0
5.2,1.4,10.4,0.0,4.1,4.0,47.0,0
6.0,3.2,9.6,0.0,4.3,6.6,46.4,0
6.8,4.3,9.9,0.0,4.8,7.3,49.4,0
5.9,4.8,7.5,0.1,4.5,9.5,48.1,0
5.5,-0.2,11.9,0.0,4.8,5.8,56.3,0
4.3,0.6,8.8,0.0,5.2,7.4,63.1,0
2.8,-1.3,7.4,0.0,4.6,3.0,63.0,0
4.6,0.0,9.9,0.0,4.1,3.4,49.3,0
3.0,-0.1,7.8,0.0,2.7,7.8,36.0,0
-0.4,-5.6,5.5,0.0,2.1,2.9,36.9,0
0.7,-3.3,5.5,0.0,3.0,2.3,46.8,0
1.9,-0.4,5.3,0.6,4.4,4.8,62.8,0
0.3,-4.1,5.9,0.0,2.9,2.1,48.1,0
-0.6,-4.8,4.9,0.0,2.5,4.8,43.9,0
-1.7,-5.5,3.2,0.0,2.3,5.0,43.0,0
-2.7,-6.4,2.2,0.0,2.2,0.1,44.8,0
-2.3,-5.7,2.6,0.0,2.3,1.0,45.3,0
-2.9,-4.7,0.2,0.0,2.5,1.4,51.0,0
-1.0,-3.5,2.8,0.0,3.5,3.6,61.5,0
-0.1,-2.6,3.9,0.0,3.6,3.6,60.9,0
-0.6,-4.3,4.2,0.0,3.6,3.1,62.9,0
-1.2,-3.1,2.0,0.0,3.7,1.6,65.3,0
2.4,-0.4,8.9,11.6,6.3,9.6,86.1,0
6.3,4.2,7.7,46.3,9.1,10.0,95.0,0
3.1,0.6,4.6,1.8,5.0,9.8,65.4,0
1.3,-3.2,6.6,0.0,3.0,3.9,45.6,0
1.2,-2.8,6.1,0.0,3.3,2.1,50.8,0
-0.1,-3.4,4.6,0.0,3.3,0.0,56.9,0
1.0,-0.7,3.8,0.0,4.3,7.9,65.4,0
-2.2,-6.5,0.3,0.1,3.4,8.9,64.4,0
-7.9,-10.9,-4.5,0.0,1.3,1.3,39.3,0
2.7,-5.7,6.8,0.4,5.5,7.5,70.3,0
3.8,1.1,6.2,1.4,4.2,9.0,52.5,0
1.1,-3.6,6.1,0.0,3.1,3.5,47.6,0
-1.7,-4.6,2.6,0.0,2.4,0.0,45.4,0
2.0,-2.4,4.1,0.3,4.2,5.4,59.0,0
2.0,-2.7,6.6,0.0,4.2,5.9,60.8,0
0.8,-2.9,6.5,0.0,4.3,0.8,67.9,0
3.4,0.3,5.2,2.9,6.3,6.1,80.4,0
4.1,0.3,8.4,0.3,5.1,7.8,63.4,0
-1.2,-5.1,1.5,0.6,4.0,5.5,68.1,0
-1.1,-3.5,2.0,0.0,2.5,1.4,45.3,0
-0.8,-4.5,3.1,0.0,2.7,1.8,47.8,0
0.8,-1.7,5.2,0.0,4.2,3.5,64.6,0
7.7,3.2,10.2,9.8,8.6,8.6,81.4,0
7.8,2.1,12.9,0.0,6.2,6.1,58.9,0
5.3,0.4,11.0,0.0,4.6,2.9,52.5,0
2.7,-0.1,6.4,0.0,4.3,3.0,58.3,0
2.1,-3.7,5.9,1.0,3.9,6.8,53.6,0
-0.7,-3.5,3.4,0.0,2.6,0.0,45.4,0
6.3,0.1,9.8,0.2,6.3,5.9,62.0,0
8.1,6.0,10.8,1.7,8.8,19.8,82.3,0
3.2,-1.3,8.0,0.0,4.5,17.5,56.8,0
-0.9,-5.5,4.9,0.0,3.6,14.6,65.1,0
-2.4,-5.5,1.2,0.1,3.4,17.4,65.0,0
-5.9,-10.6,-1.0,0.0,1.4,13.4,34.5,0
-4.4,-8.5,-0.2,0.0,1.4,18.4,31.9,0
2.0,-2.0,7.2,0.0,2.9,19.9,41.6,0
0.5,-5.0,4.2,0.6,4.1,24.1,61.3,0
-0.1,-3.2,2.8,0.0,2.9,20.9,48.0,0
4.6,2.3,6.2,3.3,6.8,19.8,79.4,0
4.1,-1.4,9.3,0.0,3.4,22.4,42.6,0
1.5,-3.4,6.9,0.0,2.8,22.8,42.8,0
3.5,-0.6,10.4,0.0,4.1,1.8,52.4,0
3.1,0.3,6.8,0.0,3.8,4.0,50.8,0
6.6,1.2,13.7,0.0,6.1,3.9,64.0,0
1.9,-1.2,6.0,0.0,4.4,4.4,62.1,0
9.8,4.6,15.6,3.8,9.1,7.1,74.6,0
12.1,7.7,17.7,0.0,7.3,6.1,52.0,0
9.7,3.0,17.3,0.0,4.0,1.4,34.1,0
4.2,-2.3,9.0,0.0,3.1,6.1,37.4,0
0.5,-4.6,6.3,0.0,2.2,0.0,35.5,0
0.2,-3.5,4.0,0.0,3.0,1.4,48.0,0
4.6,0.4,12.7,14.7,5.4,7.1,59.8,0
8.3,5.6,10.5,21.1,8.7,9.3,79.4,0
6.8,3.8,12.7,0.0,7.9,5.5,81.3,0
5.6,1.4,7.6,18.8,8.1,8.1,87.4,0
1.3,-2.5,5.0,0.0,2.1,1.0,30.6,0
7.2,3.0,11.3,7.5,7.6,8.5,72.3,0
9.3,4.8,14.5,0.0,7.2,3.6,63.6,0
11.2,7.9,15.1,1.1,9.4,5.9,71.6,0
10.0,6.2,15.3,11.8,7.1,8.9,59.6,0
9.5,3.5,17.2,0.0,4.9,0.3,41.4,0
6.8,1.1,13.0,0.0,3.0,0.0,31.4,0
9.2,5.0,13.6,0.0,4.9,1.6,42.8,0
11.0,6.3,16.5,0.0,8.0,5.0,63.6,0
12.4,8.4,18.4,0.0,9.1,1.4,65.1,0
13.8,9.2,20.3,0.0,8.8,0.0,57.8,0
14.7,9.4,22.1,0.0,9.3,4.0,57.8,0
13.6,8.3,18.7,0.0,8.9,8.1,57.3,0
14.9,11.4,20.5,0.0,9.4,1.9,57.9,0
14.8,8.4,19.7,0.0,12.5,4.6,73.8,0
11.2,5.0,17.7,0.0,7.8,0.3,60.3,0
12.5,8.2,17.6,0.1,8.6,1.6,61.0,0
12.9,7.4,17.7,1.7,9.5,5.6,65.9,0
11.0,4.7,17.4,0.0,7.5,0.9,59.0,0
10.0,6.6,14.9,0.0,7.2,2.3,60.0,1
16.7,13.1,22.0,0.0,10.8,6.6,58.0,1
18.3,15.3,23.8,0.0,9.8,4.5,47.6,1
17.0,14.3,20.7,0.0,10.9,8.0,57.3,1
18.1,13.3,24.4,0.0,11.3,4.4,56.1,1
17.1,10.9,24.6,0.0,11.3,2.1,61.0,1
16.5,12.0,22.9,0.0,12.7,0.6,70.3,1
17.0,12.1,23.1,0.0,12.0,0.8,63.8,1
17.0,12.0,22.7,0.0,11.2,7.1,58.3,1
15.4,11.2,21.6,0.0,9.4,4.8,56.0,1
14.6,9.0,20.8,0.0,9.2,5.3,58.3,0
14.5,8.8,20.4,0.0,9.1,3.0,55.6,0
14.4,9.5,19.6,0.0,9.2,1.9,56.9,0
17.2,12.1,23.8,0.0,10.0,2.1,52.6,0
17.9,13.3,23.3,0.0,9.8,0.6,49.3,0
18.8,13.0,26.1,0.0,12.5,0.9,60.0,0
15.2,10.7,19.8,0.0,10.4,9.0,60.9,0
13.6,7.7,20.4,0.0,7.2,1.9,48.3,1
14.7,10.6,19.8,0.0,9.5,2.6,58.8,1
14.8,13.3,17.9,25.4,15.4,9.5,92.0,1
18.1,13.2,22.7,0.0,11.0,6.1,53.4,1
18.7,14.7,21.9,0.6,15.8,7.0,72.6,1
22.4,18.0,27.8,0.0,19.1,3.6,71.5,1
22.4,19.8,27.3,4.6,19.4,6.3,73.4,1
21.6,20.0,24.2,23.1,22.5,9.9,88.0,1
23.1,17.6,28.2,0.0,18.7,6.8,67.1,1
22.4,16.4,29.9,0.0,15.7,0.0,61.0,1
22.6,17.9,28.6,0.0,15.8,0.3,60.6,1
23.7,19.4,29.2,0.0,16.8,3.8,58.9,1
22.9,19.6,27.0,0.0,15.6,8.6,57.5,1
22.9,17.7,29.0,0.0,15.8,8.4,59.3,1
20.9,14.8,27.4,0.0,15.5,5.9,64.4,1
19.8,13.9,26.5,0.0,13.5,0.0,61.3,1
20.0,16.9,24.6,0.0,11.7,3.1,51.1,1
18.6,17.3,19.6,0.4,13.5,9.4,63.4,1
19.6,18.3,22.1,0.0,13.7,9.6,60.3,1
19.6,15.8,24.2,0.0,12.0,9.4,52.8,1
19.5,13.6,26.0,0.0,10.5,3.5,46.5,1
21.0,16.0,25.4,0.0,11.3,1.1,46.0,1
23.5,18.0,29.0,0.0,11.7,6.4,41.6,1
24.5,20.7,30.5,0.0,15.6,3.6,53.0,1
24.2,19.5,30.0,0.0,20.8,5.5,70.4,1
22.4,20.8,24.1,0.3,21.5,8.8,80.0,1
23.3,18.3,29.3,0.1,16.7,4.3,60.4,1
21.0,18.7,22.9,3.9,17.7,9.8,72.3,1
24.3,20.4,28.7,7.6,21.3,7.9,71.4,1
23.8,22.1,26.5,63.2,27.3,9.8,93.4,1
25.1,22.4,28.0,0.0,23.4,9.3,74.3,1
24.7,22.9,27.3,0.0,23.6,9.3,76.9,1
25.7,22.6,29.5,2.8,23.7,10.0,72.9,1
25.3,21.6,29.1,2.4,25.6,10.0,79.8,1
23.0,21.5,27.6,36.4,25.4,9.0,91.4,1
22.8,21.2,25.5,22.7,24.6,9.3,89.0,1
24.1,22.0,28.0,0.0,20.0,8.5,67.6,1
24.4,19.4,29.7,0.0,16.7,6.1,56.6,1
23.7,19.2,27.8,0.0,18.1,6.1,64.0,1
23.5,18.5,28.9,0.0,18.3,2.3,65.0,1
22.6,19.5,27.0,0.2,17.8,5.3,66.3,1
23.4,20.1,26.4,36.9,22.0,5.6,77.1,1
26.1,23.6,30.2,0.0,21.9,5.9,66.2,1
25.7,22.2,29.3,20.0,22.9,8.1,71.1,1
26.4,21.5,32.1,0.0,21.2,6.4,63.8,1
25.0,20.2,29.9,0.0,20.5,3.4,66.6,1
24.1,21.5,27.3,0.0,18.2,5.5,60.9,1
26.2,22.7,30.5,0.0,19.3,4.4,58.4,1
26.9,23.0,31.4,0.0,22.7,6.3,66.5,1
27.0,24.4,30.4,1.3,23.7,7.6,67.3,1
28.2,23.2,32.8,0.0,21.1,2.6,56.3,1
26.3,21.2,31.3,0.0,20.0,30.0,60.6,1
25.6,22.6,30.7,0.0,21.2,32.2,66.5,1
25.9,23.4,28.8,0.0,23.0,38.0,69.5,1
25.9,23.0,29.5,0.1,24.6,37.6,74.5,1
25.9,23.9,28.6,16.2,27.1,37.1,82.0,1
30.4,25.9,35.7,0.0,26.8,46.8,63.9,1
29.2,25.1,35.3,6.4,30.4,47.4,76.9,1
26.6,24.8,28.5,56.2,31.8,44.8,91.8,1
30.4,26.3,35.7,6.7,22.6,33.6,53.6,1
31.5,26.6,36.5,0.0,25.9,43.9,57.9,0
29.8,26.0,34.6,0.0,28.4,42.4,69.0,0
28.9,25.9,32.7,0.0,27.9,47.9,71.4,0
26.9,23.9,30.3,8.0,27.4,40.4,78.1,0
31.6,27.9,36.8,0.0,23.2,38.2,51.4,0
30.5,25.6,35.9,0.0,27.6,42.6,65.5,0
28.3,25.0,34.4,8.6,28.6,47.6,75.9,0
29.4,25.6,36.0,3.0,27.6,41.6,69.0,1
28.4,24.7,33.1,0.0,28.3,48.3,74.6,1
26.3,23.5,30.1,26.9,29.3,47.3,86.4,1
25.8,24.0,27.5,62.3,30.1,9.8,91.1,1
28.1,26.3,30.8,1.2,28.5,8.8,75.3,1
27.5,25.6,30.0,0.5,27.2,8.0,74.5,1
26.1,25.0,28.2,25.6,29.7,9.8,88.3,1
28.4,24.9,33.4,0.6,29.0,7.6,76.6,1
25.1,23.7,25.9,60.0,30.2,9.9,95.3,1
26.3,25.6,27.4,9.7,30.8,9.9,90.1,1
26.5,25.2,27.2,1.0,28.2,9.6,82.3,1
28.1,24.4,32.9,0.0,26.4,8.6,70.8,1
26.7,24.2,31.0,0.1,25.7,7.5,74.6,1
25.1,24.2,27.0,6.2,27.7,9.4,87.1,1
28.0,25.1,31.9,1.1,25.0,9.5,66.9,1
28.6,22.8,35.0,0.0,23.2,4.6,61.3,1
26.9,23.3,32.1,0.0,22.6,6.4,65.0,1
25.6,22.3,29.2,0.7,23.9,9.0,73.9,1
24.7,21.4,28.8,6.3,24.1,7.3,79.0,1
23.8,22.1,27.4,7.7,23.3,7.5,80.0,1
25.9,21.2,31.6,0.0,20.8,4.5,64.6,1
24.9,22.1,29.7,0.0,20.7,6.4,67.3,1
23.6,20.0,28.7,0.0,18.7,6.8,65.5,1
21.9,19.5,25.9,2.9,19.9,9.9,76.9,1
22.7,19.3,27.3,8.5,17.1,8.4,64.1,1
25.0,19.7,30.0,0.0,14.3,4.9,46.4,1
25.1,21.2,31.0,0.0,14.6,6.0,46.6,1
26.7,22.7,32.5,0.0,14.7,7.5,43.3,1
29.7,24.6,36.1,0.0,16.2,3.4,40.9,1
27.6,20.2,35.0,0.0,15.0,3.8,42.1,1
25.4,20.0,32.8,0.0,17.9,2.4,59.6,1
24.1,21.2,27.4,0.0,19.0,6.4,64.6,1
24.4,20.8,30.1,0.0,18.7,4.0,63.5,1
23.9,20.6,28.9,0.0,18.5,4.9,64.4,1
23.9,20.9,28.5,0.0,21.5,6.9,73.5,1
23.1,19.6,27.7,1.5,20.0,8.1,72.0,1
24.7,22.3,29.0,0.0,20.9,8.5,67.3,1
25.5,21.9,31.2,1.4,22.4,8.3,70.5,1
21.4,18.9,25.4,0.2,19.6,9.4,77.8,1
20.8,17.0,24.8,13.8,19.0,9.5,78.6,1
21.7,18.1,26.2,0.0,15.0,4.5,59.1,1
22.0,16.1,27.2,0.0,14.1,3.9,55.4,1
21.9,17.9,27.4,2.1,15.7,3.1,61.5,1
23.0,19.1,28.4,0.0,14.8,6.1,54.8,1
23.0,16.6,28.8,0.0,13.9,3.1,51.9,1
21.5,16.1,26.4,0.0,14.2,1.1,57.1,1
20.5,15.5,26.1,0.0,12.1,3.5,51.1,1
18.4,15.7,21.9,9.5,14.5,8.0,70.3,1
21.6,17.1,26.5,2.5,16.8,8.9,66.1,1
21.9,16.0,27.6,0.0,14.5,5.9,57.5,1
20.0,17.0,24.7,35.3,17.6,7.4,77.3,1
21.2,18.6,25.1,7.5,18.8,9.1,75.9,1
23.0,17.8,29.6,0.0,17.3,5.4,63.8,1
22.6,17.6,29.0,0.0,14.9,3.0,56.4,1
23.1,16.0,29.5,0.0,11.9,0.6,42.9,1
21.1,14.1,27.8,0.0,9.6,0.6,42.1,1
18.9,14.8,23.7,0.0,12.9,5.5,60.5,1
19.1,16.1,23.3,0.0,10.7,2.3,49.6,1
19.6,14.6,24.5,0.0,10.7,7.9,48.0,1
20.3,13.3,26.5,0.0,10.6,0.4,48.4,1
18.1,11.9,24.6,0.0,8.9,2.1,45.9,1
17.8,14.3,22.3,7.1,16.5,8.6,80.9,1
24.5,18.6,31.1,0.0,11.3,6.0,39.0,1
23.4,18.4,28.6,0.0,12.3,7.9,45.6,1
24.2,16.2,33.4,0.0,13.6,1.4,46.4,1
22.1,15.0,29.2,0.0,11.0,0.0,45.0,1
19.5,12.3,26.5,0.0,9.6,1.4,46.0,1
17.2,11.7,23.8,0.0,9.6,0.0,52.0,1
16.4,13.0,20.2,8.7,11.8,4.5,63.6,1
19.4,17.9,21.6,22.0,20.9,10.0,93.0,1
22.8,19.1,25.9,0.0,12.8,8.5,46.8,1
23.6,17.6,28.3,0.0,12.7,7.5,44.9,1
23.5,16.7,30.0,0.0,11.9,2.5,43.8,1
20.7,14.8,28.0,0.0,11.2,4.5,48.1,1
19.6,12.9,26.9,0.0,9.7,1.6,44.5,1
18.7,15.5,22.8,0.0,9.1,27.1,43.4,1
21.6,14.7,28.9,0.0,9.0,28.0,36.0,1
20.3,13.2,28.3,0.0,9.0,25.0,39.0,1
17.8,10.3,26.8,0.0,9.2,28.2,48.0,1
16.6,11.7,22.9,0.0,7.5,26.5,43.3,1
15.6,10.1,21.3,0.0,8.4,20.4,48.3,1
15.0,8.4,21.9,0.0,5.5,23.5,33.4,1
14.5,9.8,19.8,0.0,4.3,22.3,27.1,1
19.2,13.6,26.5,0.0,7.2,19.2,35.8,0
19.5,12.0,27.4,0.0,8.3,26.3,40.4,0
17.9,10.1,26.1,0.0,7.2,0.0,37.5,0
17.1,10.6,25.3,0.0,5.3,0.0,28.5,0
16.4,11.2,22.2,0.0,9.0,1.9,48.9,0
15.5,9.0,22.5,0.0,8.8,4.4,52.8,0
13.0,8.3,17.3,0.0,7.8,5.8,52.9,0
12.9,9.9,16.6,0.0,7.1,8.1,48.8,0
11.6,4.1,18.2,0.0,6.7,4.8,52.6,0
8.4,6.2,9.9,4.9,9.1,8.0,82.1,0
13.2,9.4,17.2,11.3,11.2,9.4,75.9,0
19.5,15.8,25.9,4.1,15.4,5.0,70.4,0
20.4,15.3,25.5,0.0,12.2,8.4,52.0,0
19.3,10.7,28.2,0.0,10.2,2.3,50.6,0
14.8,12.2,20.2,0.3,12.9,7.9,77.8,0
14.3,9.7,19.1,1.2,10.8,26.8,66.9,0
13.8,9.6,19.7,0.0,8.6,27.6,57.5,0
12.6,10.4,16.2,0.0,10.8,24.8,74.4,0
15.3,9.1,21.8,0.0,6.6,22.6,37.5,0
14.9,6.8,22.6,0.0,3.9,22.9,26.3,0
11.6,3.9,18.1,0.0,3.9,20.9,30.9,0
9.6,6.9,13.6,1.7,5.4,15.4,45.5,0
11.8,6.2,17.9,0.0,4.2,21.2,34.0,0
11.4,5.5,18.4,0.0,6.0,20.0,48.5,0
9.5,4.3,15.7,0.0,6.5,20.5,58.0,0
7.1,4.7,10.2,5.6,7.9,22.9,78.4,0
9.2,4.7,13.9,17.4,5.2,15.2,49.1,0
11.6,7.6,17.2,0.0,3.4,18.4,25.6,0
12.6,5.6,20.3,0.0,5.6,4.4,43.1,0
9.3,5.9,12.2,0.8,4.7,8.5,39.9,0
11.4,7.0,17.2,0.0,5.1,3.0,41.0,0
9.2,3.0,15.7,0.0,4.7,0.0,43.0,0
7.6,1.9,13.6,0.0,3.6,0.3,36.1,0
6.7,1.3,13.0,0.0,3.4,0.3,36.9,0
5.5,0.3,11.3,0.0,3.4,1.3,39.8,0
4.4,2.6,8.4,0.0,3.8,5.1,46.0,0
5.2,3.5,8.4,1.8,6.3,9.4,72.0,0
9.2,5.5,15.1,0.0,3.8,4.6,33.1,0
9.4,5.6,14.6,0.0,5.6,6.1,49.9,0
11.6,8.9,16.2,0.0,8.9,8.5,66.4,0
11.4,7.4,17.6,0.0,6.4,2.6,51.1,0
7.3,2.9,11.5,0.0,5.7,6.6,56.1,0
4.3,-0.8,9.7,0.0,3.7,0.1,45.4,0
3.3,-0.4,8.2,1.7,3.7,3.0,46.9,0
3.3,-0.7,8.3,0.0,3.0,0.8,40.9,0
7.1,1.9,11.1,3.3,8.1,7.9,77.4,0
10.3,7.1,14.6,16.5,9.7,8.8,79.0,0
10.0,3.4,16.7,0.0,6.5,1.4,52.0,0
7.1,1.4,14.4,0.0,4.1,6.3,43.8,0
6.3,2.6,12.4,0.0,5.0,2.0,55.4,0
4.3,0.2,9.2,0.0,5.6,5.5,69.9,0
5.5,1.6,11.3,3.5,6.3,7.4,72.8,0
5.0,-1.7,10.0,0.0,3.9,5.5,45.3,0
3.5,-0.4,8.5,0.0,2.9,1.8,38.5,0
3.9,-0.3,7.9,0.0,4.6,4.9,55.1,0
6.6,3.5,10.0,0.0,5.9,4.9,61.0,0
10.1,6.7,15.3,0.0,3.1,7.1,26.4,0
7.2,-0.4,14.9,0.0,2.9,5.4,31.8,0
6.1,0.6,13.4,0.0,3.6,0.1,39.4,0
7.0,3.1,12.7,0.0,5.0,1.5,51.1,0
8.4,5.7,12.4,0.0,6.1,6.3,55.0,0
8.4,5.6,12.9,0.0,7.1,8.6,66.3,0
9.9,5.0,16.3,0.0,5.3,2.3,46.1,0
9.4,2.5,16.1,0.0,4.1,4.8,36.4,0
7.8,1.3,14.7,0.0,3.7,5.8,37.6,0
6.6,1.2,13.0,0.0,4.0,0.3,42.3,0
6.6,2.0,12.8,0.0,3.8,3.3,39.5,0
7.8,4.7,14.0,0.0,3.3,7.5,31.3,0
5.2,-1.5,12.0,0.0,2.8,3.6,32.8,0
4.7,1.3,10.2,0.0,4.5,4.8,55.8,0
6.3,1.2,13.7,0.0,4.1,1.6,45.0,0
6.8,0.5,14.5,0.0,3.6,2.9,41.0,0
4.0,-1.6,10.8,0.0,4.3,5.4,56.1,0
2.4,-2.6,9.0,0.0,4.2,0.0,59.4,0
1.7,-0.1,4.5,0.0,4.7,6.5,67.8,0
1.4,0.2,3.0,4.6,5.5,9.4,80.8,0
0.9,-4.7,5.9,0.0,2.7,7.4,43.5,0
-1.8,-6.8,4.6,0.0,2.5,0.1,47.4,0
-2.7,-5.1,1.5,0.2,2.9,2.4,59.0,0
-0.8,-2.9,0.9,2.2,4.2,9.1,72.8,0
-0.5,-5.9,6.3,0.0,1.4,5.3,24.3,0
-2.1,-5.7,2.5,0.0,1.4,1.8,26.6,0
-0.6,-4.1,3.7,0.0,2.1,5.6,35.5,0
-3.0,-7.5,2.0,0.0,1.7,0.4,34.9,0
-5.0,-9.1,-1.9,0.0,1.3,7.5,31.3,0
-5.4,-8.6,-1.9,0.0,1.2,4.4,30.0,0
-6.1,-10.2,-1.3,0.0,1.2,6.1,31.5,0
-2.1,-8.2,6.3,0.5,2.7,4.3,45.5,0
5.1,0.1,9.3,0.0,5.0,8.1,54.9,0
2.8,-3.6,10.1,0.0,2.6,3.9,37.1,0
-0.6,-3.3,3.0,0.0,2.3,2.4,40.4,0
3.3,2.0,4.9,16.0,7.2,9.3,92.9,0
1.4,-3.2,6.1,0.0,4.0,7.5,60.0,0
-2.1,-7.4,2.8,0.3,2.6,3.0,47.6,0
-2.0,-6.2,2.3,0.0,1.6,7.0,29.0,0
1.8,-2.8,6.6,0.0,3.9,6.9,54.6,0
-0.2,-5.6,7.0,0.0,2.1,2.1,35.5,0
1.2,-2.4,4.5,0.0,2.7,1.3,40.4,0
-0.1,-6.6,5.1,0.0,3.3,4.3,52.5,0
-2.5,-6.5,2.4,0.0,1.5,0.0,30.9,0
-1.2,-3.8,2.6,0.0,1.6,1.3,27.6,0
0.1,-4.6,6.5,0.0,2.0,2.1,34.9,0
2.0,-0.8,7.0,0.0,3.3,0.9,48.9,0
1.7,-3.3,7.1,0.0,4.3,1.1,62.0,0
-1.2,-6.7,4.2,0.0,3.4,4.1,57.8,0
-1.4,-5.5,4.0,0.0,2.2,1.1,38.5,0
3.6,0.0,8.5,0.0,4.7,7.8,59.8,0
0.6,-4.6,6.7,0.0,2.9,3.0,44.0,0
-0.3,-3.2,4.0,0.0,2.6,1.8,45.8,0
-5.2,-10.1,-1.1,0.0,1.9,4.1,45.9,0
-1.7,-7.2,2.6,0.0,3.3,3.8,58.8,0
1.4,-2.4,5.3,0.0,4.6,4.5,68.6,0
1.2,-3.0,7.6,0.0,3.5,0.0,54.3,0
2.8,-0.6,8.0,0.0,3.5,3.9,47.6,0
2.4,-0.4,7.2,0.0,4.2,6.1,58.8,0
-0.6,-4.5,3.0,0.0,3.0,8.1,48.8,0
-4.7,-9.4,1.3,0.0,1.2,4.9,28.8,0
-3.5,-7.2,0.5,0.0,1.4,0.0,31.0,0
-1.9,-6.2,3.1,0.0,2.4,4.0,46.4,0
-2.8,-6.3,2.7,0.0,1.7,3.1,35.0,0
-2.8,-5.5,1.1,0.0,2.0,0.5,40.3,0
-1.1,-6.2,4.1,0.0,3.3,5.5,55.5,0
-3.5,-8.4,3.2,0.0,1.8,0.1,38.8,0
-4.9,-8.8,0.2,0.0,1.7,0.0,42.8,0
-5.0,-8.2,-0.6,0.0,2.1,3.4,49.5,0
-5.4,-10.5,-0.5,0.0,1.6,1.6,39.6,0
-6.8,-11.3,-0.9,0.0,1.3,0.8,35.9,0
-7.6,-10.5,-3.0,0.0,1.0,0.0,29.0,0
-10.5,-14.4,-6.6,0.0,0.9,0.6,33.0,0
-10.1,-12.5,-6.5,0.0,0.8,0.5,28.3,0
-1.5,-7.1,3.0,0.0,2.4,4.4,40.8,0
0.6,-4.0,5.2,0.0,3.6,7.4,53.4,0
-2.3,-5.9,3.1,0.0,1.8,0.3,35.9,0
2.4,-3.4,7.5,0.0,3.2,2.6,43.0,0
6.9,2.9,12.4,0.0,4.7,4.3,48.9,0
5.6,0.4,9.8,0.0,3.6,8.5,40.1,0
3.4,-1.1,10.4,0.0,3.4,3.1,45.5,0
4.0,1.3,9.5,0.0,4.2,2.9,53.4,0
2.6,-2.8,7.4,0.0,4.1,3.0,56.3,0
1.6,-1.5,5.9,0.3,4.0,1.3,60.1,0
0.0,-2.6,2.1,0.3,3.9,9.3,63.8,0
-2.4,-7.8,3.2,0.0,2.3,3.6,46.8,0
-4.4,-7.8,0.6,0.0,1.9,0.0,44.3,0
-2.2,-5.9,2.1,1.3,3.0,5.0,57.4,0
-1.9,-5.0,2.4,0.0,2.0,0.0,39.0,0
0.2,-2.4,2.9,0.0,2.8,7.9,44.8,0
-2.5,-8.1,4.6,0.0,1.7,3.0,33.3,0
-7.2,-11.8,-2.1,0.0,1.0,2.0,27.0,0
-8.3,-11.4,-4.4,0.0,1.2,1.4,37.1,0
-7.3,-9.6,-1.1,0.0,1.3,1.1,37.1,0
2.4,-1.0,6.8,0.0,3.7,8.1,50.5,0
0.0,-4.3,3.4,0.0,2.4,6.4,39.5,0
6.7,-0.3,11.8,5.0,7.9,7.8,74.9,0
11.5,9.3,13.5,9.5,11.9,9.9,87.4,0
8.2,2.8,11.8,0.0,5.5,6.5,50.1,0
5.5,0.8,12.4,0.0,3.8,3.6,42.3,0
2.7,-1.5,8.0,0.0,3.3,1.0,46.1,0
3.5,0.6,6.7,0.0,3.3,5.8,41.4,0
5.0,2.1,11.1,0.0,2.3,3.8,27.1,0
7.1,3.1,12.5,0.0,6.6,6.1,65.0,0
6.3,1.6,13.6,0.0,6.5,0.6,70.1,0
4.8,1.3,9.8,0.0,6.6,3.8,77.8,0
2.6,0.3,3.8,10.9,5.2,9.0,71.1,0
1.9,-3.1,7.6,0.0,2.0,3.1,29.6,0
2.3,-1.3,7.1,0.0,2.5,0.8,35.0,0
5.8,3.1,8.2,1.0,5.3,8.4,57.1,0
6.5,0.0,12.7,0.2,3.7,2.0,39.9,0
6.5,3.3,11.3,0.0,4.8,1.9,50.4,0
6.1,1.9,10.7,0.0,4.6,6.9,48.8,0
4.9,0.6,11.4,0.0,4.2,4.6,50.8,0
11.8,10.5,14.7,64.0,13.0,10.0,93.8,0
7.2,3.4,11.7,0.0,5.8,5.9,57.3,0
12.2,9.9,14.7,11.0,10.5,7.5,74.1,0
14.0,8.8,20.6,0.0,7.7,5.3,50.0,0
13.4,7.2,21.1,0.0,7.1,2.4,49.5,0
13.1,7.2,20.4,0.0,7.7,0.0,54.3,0
14.5,9.9,20.3,0.0,8.8,5.6,55.9,0
15.2,10.9,21.0,0.0,11.8,4.0,69.9,0
14.8,9.2,20.9,0.0,7.5,4.4,47.0,1
16.4,12.3,21.1,0.0,9.8,2.9,53.5,1
18.0,16.3,21.7,55.5,17.2,7.5,84.0,1
16.9,15.7,19.0,36.5,16.1,9.8,84.1,1
19.3,13.0,25.6,0.0,12.2,6.5,56.5,1
17.3,11.2,24.2,0.0,10.9,0.0,58.0,1
15.9,10.3,22.0,0.0,10.7,0.5,61.4,1
15.4,13.0,19.7,0.0,9.5,4.5,55.1,1
17.6,14.0,21.6,0.0,10.4,0.6,52.5,1
20.2,14.6,27.0,0.0,12.6,0.4,55.5,1
17.5,14.3,22.2,0.0,11.6,6.1,58.1,1
18.9,13.2,25.0,0.0,10.2,0.9,47.6,1
19.4,16.2,24.8,0.0,10.6,5.0,47.9,1
17.8,10.8,24.3,0.0,9.3,2.1,48.0,1
17.6,14.2,22.1,0.0,9.4,1.1,48.3,1
19.4,15.6,25.3,0.0,11.6,4.4,52.9,1
20.8,17.2,25.5,6.5,14.6,2.1,62.3,1
19.4,17.6,21.9,18.0,19.2,9.3,85.8,1
19.0,17.8,20.1,5.0,18.0,10.0,82.4,1
22.1,18.9,26.6,0.2,15.4,9.5,59.1,1
22.0,17.7,26.5,0.0,15.4,8.3,59.8,1
22.3,18.5,27.7,0.1,16.7,5.3,64.3,1
22.2,21.0,23.9,2.0,22.2,10.0,83.6,1
23.3,21.0,26.0,0.2,21.6,9.8,76.0,1
23.5,20.3,26.8,0.5,19.0,8.3,66.9,1
23.5,20.3,28.3,0.0,18.1,7.9,63.5,1
22.8,16.8,28.2,0.0,14.3,4.1,52.0,1
21.6,16.8,26.1,0.0,12.3,7.5,48.1,1
22.9,18.6,28.4,0.0,13.5,2.4,49.5,1
22.2,15.6,28.9,0.0,12.5,1.4,49.0,1
21.7,15.9,27.7,0.0,12.2,0.3,48.8,1
22.0,19.1,25.5,0.5,14.2,4.9,54.6,1
24.1,20.9,28.2,1.0,20.5,7.9,69.9,1
24.0,19.6,28.5,0.0,18.3,1.9,63.5,1
23.2,20.0,27.8,0.0,19.2,5.1,69.4,1
23.3,21.4,25.8,34.5,24.1,9.8,85.3,1
25.1,20.1,29.6,0.0,17.6,5.5,55.8,1
25.5,20.8,30.9,0.0,18.7,1.5,59.4,1
25.6,22.8,30.3,0.1,21.4,4.5,67.4,1
25.3,23.9,28.2,9.5,25.9,9.4,80.9,1
25.2,22.7,27.4,42.0,27.3,10.0,86.0,1
23.7,22.5,26.1,96.5,27.1,9.0,92.4,1
22.7,20.2,24.9,19.5,25.0,8.9,91.0,1
23.2,20.3,29.0,2.0,19.4,6.4,70.0,1
25.2,22.7,29.3,0.0,21.5,7.0,68.0,1
24.4,23.2,26.3,7.5,26.2,9.6,86.3,1
29.4,25.7,32.2,3.0,23.9,9.5,59.1,1
30.7,23.4,37.6,0.0,22.8,4.5,54.1,1
26.6,23.4,31.0,5.0,24.4,6.3,71.4,1
29.1,25.1,33.3,0.0,22.1,8.4,55.6,1
28.2,23.0,34.4,0.0,18.7,7.9,50.6,0
26.7,21.5,32.1,0.0,15.2,5.0,44.6,0
27.2,21.7,33.8,0.0,13.8,0.0,39.8,0
29.9,24.1,35.6,0.0,21.3,3.3,51.0,0
31.7,28.3,38.0,1.0,27.0,6.4,59.5,0
31.7,27.7,37.2,0.0,26.5,6.9,58.3,1
30.5,26.7,34.4,1.0,29.3,7.3,68.6,0
30.6,27.2,35.3,5.0,26.3,6.5,61.3,1
31.0,26.4,36.0,0.0,24.5,2.9,55.8,1
30.7,25.7,36.8,0.0,26.1,3.5,60.9,0
28.8,27.1,32.5,2.0,30.0,7.3,76.3,0
31.0,27.6,35.3,0.0,28.2,3.0,64.8,0
30.5,26.8,35.9,0.0,27.3,3.6,63.4,0
30.5,28.3,35.3,6.5,30.9,7.6,71.6,0
30.0,27.2,33.9,2.0,29.9,6.5,71.8,0
31.1,28.0,34.9,0.0,26.9,3.4,60.6,0
33.1,30.0,37.9,0.0,27.4,1.0,55.3,0
33.7,30.3,37.9,0.0,28.0,4.0,54.4,0
33.6,27.8,39.6,0.0,28.0,0.8,55.5,0
32.6,27.8,38.3,0.0,24.2,2.8,50.5,1
31.7,26.2,36.9,0.0,23.4,3.1,50.9,1
31.3,26.4,36.7,0.0,23.1,2.4,52.4,1
29.5,28.0,35.2,7.5,31.6,5.5,77.1,1
30.9,27.2,35.4,0.0,30.3,2.3,69.3,1
30.1,27.3,33.7,0.0,29.1,5.8,68.8,1
30.1,27.7,34.1,0.0,28.0,6.3,66.3,1
31.4,27.2,36.8,0.0,27.0,4.4,59.5,1
31.7,29.2,35.7,0.0,25.0,7.9,53.8,1
31.8,25.3,38.0,0.0,22.4,3.5,49.6,1
30.6,24.9,36.9,0.0,22.5,0.3,53.6,1
29.5,24.6,34.7,0.0,25.0,0.4,62.6,1
28.7,23.2,34.1,0.0,24.3,0.1,64.1,1
28.2,23.7,33.2,0.0,24.1,0.8,64.8,1
28.1,23.9,32.1,0.0,24.7,1.3,66.5,1
28.7,24.0,34.0,0.0,24.4,0.4,64.3,1
28.3,24.5,33.2,0.0,26.2,2.6,69.6,1
27.9,24.6,31.9,0.0,25.7,5.0,69.6,1
27.3,24.7,30.9,0.0,26.8,6.4,74.8,1
26.6,25.1,28.2,1.0,28.5,7.5,82.4,1
26.8,24.4,29.5,3.0,28.9,9.6,82.9,1
23.7,20.4,26.5,16.5,25.6,9.8,87.8,1
20.8,20.1,24.2,14.0,20.0,9.9,82.3,1
23.3,17.7,28.1,0.0,14.6,7.0,51.5,1
23.7,19.5,29.2,0.0,14.9,3.6,51.4,1
23.9,21.5,27.1,0.0,17.1,8.5,57.8,1
25.3,23.4,29.0,0.5,23.4,8.6,72.8,1
27.3,24.0,31.8,0.0,24.9,7.1,69.6,1
27.4,22.5,32.6,0.1,26.4,6.0,74.4,1
22.6,20.6,25.3,59.5,26.1,9.6,95.4,1
21.9,21.0,22.8,83.5,24.8,9.9,94.6,1
24.4,21.6,27.9,14.5,25.5,9.1,83.8,1
24.7,21.9,29.1,6.5,24.0,7.3,78.5,1
23.3,20.6,27.3,26.5,24.1,9.5,85.1,1
22.3,19.1,25.5,1.0,21.8,8.8,81.9,1
22.3,20.2,26.9,71.5,23.5,10.0,88.3,1
27.1,21.3,32.9,0.0,19.5,7.9,57.1,1
25.2,20.1,32.1,0.0,18.8,4.0,62.8,1
24.5,20.9,28.9,0.0,15.3,8.0,50.6,1
25.0,18.2,32.0,0.0,12.9,5.1,45.1,1
22.4,19.1,27.2,0.0,16.2,8.1,61.3,1
24.8,19.9,30.8,0.0,16.4,3.6,54.9,1
21.6,18.8,25.1,29.0,19.0,9.5,74.9,1
22.0,18.3,27.0,0.0,16.7,7.4,64.0,1
21.3,16.6,27.1,0.0,16.0,4.5,65.5,1
20.2,18.0,23.9,5.0,15.7,8.5,67.3,1
21.3,18.3,24.9,0.5,14.9,9.5,59.9,1
23.7,18.9,30.1,0.5,17.0,6.6,60.6,1
21.9,18.5,27.0,0.0,17.5,5.5,68.0,1
22.2,17.8,29.4,0.0,17.9,4.5,69.3,1
23.0,18.4,27.9,0.0,17.4,1.0,62.9,1
23.7,17.7,29.2,0.0,14.7,1.4,52.5,1
22.6,18.9,27.5,0.0,13.6,7.9,50.1,1
24.0,16.9,30.8,0.0,10.8,4.0,39.4,1
23.4,17.6,30.1,0.0,12.0,1.4,44.5,1
23.8,17.5,30.2,0.0,14.1,0.0,50.4,1
20.9,14.2,27.6,0.0,13.9,0.9,58.9,1
20.2,15.8,24.7,0.0,16.2,4.6,69.8,1
21.4,19.1,25.9,1.0,17.5,9.4,69.3,1
22.3,16.2,29.1,0.0,13.2,3.8,49.8,1
20.3,17.3,24.7,0.0,11.0,7.3,47.4,1
21.8,14.0,29.6,0.0,12.3,1.0,50.1,1
19.7,13.8,26.2,0.0,10.1,3.4,47.4,1
18.3,11.2,23.7,0.0,9.6,0.5,47.4,1
17.3,13.6,23.3,6.5,10.7,1.4,57.1,1
18.1,15.4,23.2,12.5,15.5,9.0,75.5,1
17.8,11.3,23.7,0.0,9.1,3.9,43.9,1
17.0,11.5,22.6,0.0,6.1,4.6,32.1,0
17.6,10.3,24.7,0.0,9.1,0.0,47.5,1
16.3,12.2,19.3,6.5,16.3,8.3,86.8,1
20.9,18.8,23.5,83.0,24.0,10.0,97.0,1
22.3,21.8,24.4,45.0,25.1,10.0,93.8,0
23.2,15.4,29.3,0.0,15.5,8.5,56.4,0
18.2,11.9,24.5,0.0,14.5,6.6,71.4,0
15.8,12.7,20.0,0.5,14.5,5.3,82.5,0
14.2,11.8,16.1,32.0,14.4,10.0,89.3,1
16.1,11.9,21.3,0.0,10.5,9.5,59.8,0
15.4,11.3,21.4,0.0,11.5,3.1,67.4,0
15.7,9.2,21.8,0.0,8.8,0.1,50.4,0
17.5,11.6,22.9,0.0,10.0,3.0,50.9,0
19.2,14.0,25.5,0.0,12.5,6.0,60.3,0
16.6,15.0,20.7,22.0,16.1,9.3,86.4,0
18.3,11.6,24.6,0.0,9.6,6.0,46.8,0
14.1,8.8,20.0,0.0,7.0,1.4,45.5,0
11.2,6.9,14.7,1.0,8.1,3.6,62.4,0
15.1,8.7,19.7,12.0,15.8,9.9,90.4,0
20.4,17.8,23.3,0.0,17.3,8.5,72.8,0
19.2,14.1,25.0,0.0,13.6,5.5,61.6,0
16.2,9.4,22.9,0.0,7.4,2.4,43.1,0
15.4,10.5,21.7,0.0,8.0,0.0,49.0,0
15.7,9.7,23.3,0.0,9.1,0.1,52.9,0
14.9,10.0,22.1,0.0,8.3,3.9,51.9,0
14.6,5.7,23.3,0.0,5.9,0.8,37.8,0
12.1,8.9,16.1,3.0,8.8,8.0,63.3,0
9.3,8.4,10.7,59.0,10.9,10.0,93.9,0
15.5,10.7,21.0,15.5,9.7,9.5,57.4,0
18.7,12.3,25.6,0.0,6.0,3.4,32.0,0
18.4,11.0,26.3,0.0,9.3,0.5,46.0,0
14.0,7.4,20.5,0.0,5.9,0.0,38.8,0
12.4,6.2,19.3,0.0,4.9,0.4,35.4,0
12.9,6.8,20.1,0.0,5.4,0.9,37.9,0
11.6,4.9,18.8,0.0,5.4,1.0,41.9,0
9.5,5.6,14.2,0.0,7.6,3.1,65.5,0
9.0,7.5,14.8,9.0,8.9,8.9,78.8,0
14.6,8.3,19.3,0.0,3.7,8.9,22.9,0
13.3,6.8,19.6,0.0,4.3,1.3,30.5,0
12.6,8.7,17.3,0.0,6.9,2.6,49.4,0
15.1,6.9,21.9,5.0,9.0,6.3,51.0,0
7.9,0.1,15.4,0.0,5.4,2.6,57.9,0
3.9,0.6,7.9,3.0,4.7,6.1,59.6,0
4.2,1.4,8.6,0.2,3.7,5.1,45.5,0
5.8,3.0,8.6,6.5,6.7,8.9,71.6,0
7.6,6.7,9.5,10.5,9.4,9.9,90.6,0
13.4,9.5,18.2,18.5,10.1,6.1,67.0,1
17.8,14.9,21.2,0.1,14.7,9.1,72.9,0
18.4,14.9,23.7,0.0,13.1,6.1,64.0,0
15.6,11.7,18.5,0.0,12.3,9.1,68.8,0
14.0,9.3,20.1,0.0,8.0,4.4,52.9,0
14.8,9.8,21.9,0.0,8.8,0.5,55.6,0
15.4,11.8,21.1,0.0,11.2,4.9,66.3,0
14.0,9.4,19.0,0.0,10.4,4.3,66.4,0
13.3,7.7,20.0,0.0,9.3,2.6,61.1,0
11.0,5.3,18.1,0.0,7.8,3.6,64.5,0
9.6,4.6,16.9,0.0,7.5,3.4,65.6,0
7.6,4.0,13.1,0.0,6.5,6.3,61.9,0
6.1,1.8,12.5,0.0,4.9,4.6,55.3,0
4.9,0.6,11.6,0.0,5.0,1.5,61.5,0
2.1,1.1,5.3,1.0,4.5,9.9,64.1,0
4.7,1.6,9.1,0.0,3.4,6.9,39.9,0
8.0,6.2,10.4,1.0,6.9,9.5,64.5,0
8.2,5.4,12.5,0.5,6.0,9.8,55.9,0
6.6,0.5,14.0,0.0,4.6,4.4,48.0,0
7.1,3.6,12.2,0.0,4.6,1.4,46.9,0
12.4,8.4,16.6,27.0,13.3,9.8,92.1,0
17.0,13.6,22.1,0.0,11.1,6.0,58.8,0
12.4,5.2,18.8,0.0,9.0,5.9,60.5,0
8.0,2.2,15.5,0.0,4.9,3.3,45.8,0
6.4,2.7,12.2,0.0,4.6,2.8,51.3,0
4.6,0.7,9.7,0.0,5.5,4.6,65.8,0
4.5,1.4,9.6,0.0,5.3,5.9,63.3,0
4.6,2.7,9.7,4.0,6.4,8.1,76.0,0
6.4,2.2,10.7,0.5,5.1,8.6,54.0,0
4.5,-1.1,10.9,0.0,3.7,2.1,46.8,0
5.5,1.3,11.4,3.5,6.0,5.4,67.5,0
9.8,7.6,11.9,11.5,10.7,10.0,89.1,0
7.9,-0.1,16.2,0.0,4.0,4.1,38.1,0
-0.7,-6.7,5.4,0.0,1.9,2.4,34.0,0
-0.2,-4.3,3.0,0.5,3.9,4.4,61.9,0
4.6,1.8,7.8,25.0,6.1,10.0,73.3,0
4.2,0.6,6.9,0.0,4.1,8.5,48.8,0
3.1,-3.2,10.4,0.0,3.0,1.3,43.1,0
1.9,-1.6,7.9,0.0,2.7,2.4,40.6,0
2.4,-1.1,7.2,0.0,3.6,6.1,49.4,0
4.2,-0.3,8.6,3.7,6.6,7.0,81.1,0
1.3,-3.9,5.4,0.4,4.0,5.8,59.0,0
-0.9,-4.5,4.4,0.0,1.7,1.6,31.5,0
0.9,-2.4,5.5,0.0,2.5,5.0,41.0,0
1.8,-1.9,6.8,0.0,3.4,6.1,48.6,0
-0.4,-4.9,5.2,0.0,1.6,7.4,26.9,0
-3.0,-7.1,1.4,0.0,1.2,1.9,25.6,0
-1.1,-5.5,4.9,0.0,2.3,3.3,40.1,0
-0.7,-3.7,4.0,0.0,1.6,3.8,28.0,0
3.5,-0.7,8.7,0.0,4.1,7.4,51.0,0
-0.8,-7.4,4.3,0.0,3.2,3.1,54.5,0
-5.8,-9.6,-1.8,0.0,1.7,4.1,40.8,0
-6.1,-9.5,-2.2,0.0,1.7,3.5,42.5,0
-0.5,-6.9,3.2,0.0,3.1,6.5,47.4,0
0.4,-5.3,6.1,0.0,2.8,9.1,43.9,0
-4.4,-9.7,2.0,0.0,1.8,0.3,43.3,0
-8.0,-13.4,-1.6,0.0,1.2,1.0,39.8,0
-10.1,-12.8,-5.8,0.0,1.0,1.1,36.5,0
-9.4,-11.8,-5.1,0.0,1.1,0.1,37.8,0
-9.5,-12.8,-5.2,0.0,1.2,0.0,40.9,0
-7.3,-10.4,-2.1,0.5,1.7,1.3,47.0,0
-2.4,-7.6,3.8,0.0,2.5,1.9,51.1,0
-4.0,-8.8,1.2,0.0,1.9,0.0,44.1,0
-2.6,-5.2,0.0,0.0,2.7,7.4,54.5,0
-5.3,-11.4,-0.8,2.9,2.8,5.8,62.0,0
-8.5,-11.6,-4.7,0.0,1.1,0.1,35.0,0
-6.3,-9.3,-1.2,0.0,1.4,3.3,36.0,0
-9.9,-15.9,-3.5,0.0,1.1,1.8,37.4,0
-14.8,-17.8,-10.7,0.0,0.7,0.0,34.9,0
-14.0,-16.4,-9.5,0.0,0.7,3.6,32.6,0
-14.2,-16.3,-10.7,0.0,0.7,0.0,31.6,0
-11.7,-14.6,-5.3,0.0,1.1,0.3,42.0,0
0.2,-5.3,4.0,3.3,3.5,9.4,56.5,0
0.4,-3.7,5.5,0.0,2.2,2.0,36.6,0
2.2,-1.0,6.9,0.0,4.2,5.1,57.6,0
1.0,-2.5,5.5,0.0,2.8,3.8,43.0,0
2.1,0.3,4.5,0.0,4.3,8.6,59.6,0
4.5,2.4,8.7,0.0,5.4,7.4,64.1,0
3.5,0.1,6.8,0.0,4.6,9.8,59.1,0
4.7,1.8,7.7,0.2,5.4,7.6,63.9,0
0.6,-4.4,5.4,0.0,4.0,7.0,64.1,0
-4.4,-6.6,-1.2,0.4,3.0,8.3,67.3,0
-10.2,-15.3,-5.4,0.0,1.0,2.3,35.4,0
-11.1,-13.6,-7.4,0.0,1.3,0.4,49.8,0
-7.5,-10.3,-4.8,0.3,1.8,0.9,52.0,0
-4.2,-6.1,-1.2,0.5,2.7,3.5,59.4,0
1.3,-1.2,4.0,0.9,3.4,9.0,51.9,0
-0.8,-5.7,2.8,0.0,2.4,7.5,42.1,0
-2.8,-6.8,2.9,0.0,2.2,0.0,45.8,0
-3.0,-5.6,1.6,0.0,2.4,3.6,48.4,0
-4.7,-8.7,-0.7,0.0,1.8,6.5,43.0,0
-4.7,-7.1,-0.4,0.0,1.8,3.6,42.3,0
-1.8,-4.3,1.8,0.0,2.2,2.3,42.0,0
-1.3,-5.1,3.8,0.0,2.1,1.0,39.1,0
-0.3,-3.2,3.3,1.0,3.2,1.9,54.4,0
1.4,-1.2,4.5,0.7,5.4,9.3,79.5,0
2.1,-0.4,6.0,0.0,4.8,4.6,67.0,0
-2.1,-6.8,0.8,0.0,2.6,8.5,47.0,0
-6.9,-10.3,-2.6,0.0,1.1,0.0,31.4,0
-3.8,-7.9,-1.1,0.0,2.0,0.3,41.8,0
-2.1,-4.9,0.6,0.0,2.3,2.1,43.1,0
2.9,-0.6,5.7,20.0,6.3,6.6,82.0,0
6.1,5.0,8.7,0.0,7.1,8.0,75.8,0
3.4,-1.9,6.6,0.0,5.2,8.4,66.6,0
-0.9,-5.6,4.6,0.0,4.0,0.4,71.4,0
-3.9,-8.5,-0.1,0.2,3.2,7.1,68.0,0
-3.9,-6.5,-1.0,0.0,2.2,1.0,49.4,0
-1.6,-5.9,3.3,3.4,4.4,6.8,80.0,0
-6.7,-10.8,-2.3,0.0,1.4,1.1,38.1,0
-5.7,-8.1,-2.6,0.0,1.7,0.0,43.1,0
-3.0,-7.5,0.9,0.0,2.6,7.3,52.6,0
-6.6,-11.2,-1.9,0.0,1.6,5.9,42.9,0
-8.7,-12.0,-4.4,0.0,1.3,0.0,42.0,0
-9.4,-12.3,-5.2,0.0,1.2,0.0,41.9,0
-7.0,-11.0,-2.5,0.0,1.5,0.3,40.5,0
1.1,-2.5,6.7,4.1,4.6,7.0,67.9,0
-0.5,-5.6,5.4,0.0,2.7,2.8,46.1,0
-3.8,-7.1,-0.5,0.0,1.9,2.1,41.3,0
0.7,-3.5,4.6,0.0,4.2,3.5,64.5,0
0.2,-4.5,6.0,1.2,4.5,7.0,72.6,0
-4.2,-8.2,-0.4,0.1,1.8,1.6,40.1,0
-1.2,-6.1,4.5,0.1,2.9,1.4,48.1,0
4.9,3.1,8.1,4.0,7.2,9.0,83.1,0
1.9,-4.6,8.1,0.0,4.1,3.8,59.9,0
-2.2,-7.6,3.1,0.0,2.7,2.3,49.4,0
-2.4,-5.2,2.7,0.0,1.3,2.0,26.8,0
3.2,-1.8,8.1,0.0,4.0,5.4,48.3,0
6.4,1.3,11.2,0.5,6.2,8.4,64.1,0
2.5,-2.9,9.5,0.0,3.8,0.9,53.0,0
3.3,-0.3,7.6,0.0,5.5,4.3,71.6,0
-0.4,-2.5,2.9,0.0,3.7,3.3,62.5,0
0.9,-2.5,4.7,1.2,3.2,4.8,49.3,0
4.3,0.6,10.8,0.5,4.6,5.1,54.8,0
1.3,-4.2,8.1,0.0,3.5,1.1,55.6,0
-0.4,-3.9,4.2,0.0,3.3,3.5,55.3,0
-1.6,-6.6,3.5,0.0,2.0,2.8,37.8,0
-2.1,-4.8,2.6,0.0,2.0,0.0,38.5,0
3.0,-1.6,5.8,0.0,3.0,8.5,39.4,0
1.0,-3.4,6.4,0.0,1.9,0.0,30.3,0
3.2,-1.1,6.5,0.0,2.9,4.1,38.3,0
7.5,2.9,11.4,0.0,4.4,1.9,42.5,0
8.4,3.1,11.8,4.5,7.2,7.9,64.4,0
5.3,0.3,11.4,0.0,5.0,1.5,57.1,0
5.9,2.7,10.7,0.0,4.0,0.0,42.9,0
9.8,5.3,15.9,7.5,7.2,4.4,56.3,0
9.4,3.7,16.8,0.0,4.4,0.0,39.6,0
13.1,6.9,17.2,0.0,8.1,3.9,53.3,0
14.4,9.2,18.4,0.0,9.9,9.1,61.4,0
11.4,8.0,16.5,0.0,8.5,5.5,64.5,0
8.4,2.6,15.4,0.0,5.8,3.3,52.5,0
7.8,4.5,13.7,0.0,5.0,2.4,47.9,0
12.3,6.1,16.6,1.5,9.9,5.6,66.0,0
15.5,14.0,18.0,1.0,13.8,8.8,78.8,0
14.4,11.5,18.1,0.0,11.8,8.5,72.4,0
10.4,3.6,16.0,0.0,7.0,1.8,54.3,0
7.7,2.5,13.2,0.0,2.8,0.0,27.4,0
11.5,6.3,17.2,0.0,6.5,0.0,45.6,0
17.2,10.6,24.8,0.0,9.9,0.1,51.9,0
16.9,11.9,24.2,0.0,10.1,1.9,54.4,0
14.5,10.7,18.1,0.0,9.0,8.6,56.5,0
14.4,9.5,20.6,0.0,9.2,2.9,59.0,0
14.4,9.9,20.9,0.0,8.6,3.0,54.3,0
13.7,8.6,20.6,0.0,7.2,0.0,47.0,1
16.3,11.0,23.5,0.0,9.0,1.8,50.4,1
17.6,11.0,25.2,0.0,9.9,0.0,52.8,0
17.0,11.1,24.2,0.0,10.8,0.1,58.6,0
17.0,11.9,23.2,0.0,10.8,3.8,58.3,0
16.5,14.2,19.1,0.1,10.9,9.3,58.8,0
16.2,9.2,23.9,0.0,8.5,0.4,47.1,0
16.6,13.6,22.0,0.0,8.8,7.9,47.6,0
15.8,9.0,23.0,0.0,7.5,5.4,42.5,0
14.4,9.0,20.5,0.0,6.6,4.9,42.8,0
12.8,6.1,18.9,0.0,7.3,3.4,51.0,1
11.4,8.8,0.0,0.0,9.3,7.1,71.0,1
15.5,12.2,21.7,20.0,13.8,9.3,77.1,1
21.4,18.6,24.8,0.4,19.4,9.3,76.9,1
22.5,19.8,27.6,0.0,17.6,6.5,66.0,1
23.0,19.3,28.7,0.0,18.4,4.8,66.9,1
21.9,16.9,28.8,0.0,17.3,7.5,67.6,1
18.9,16.2,23.3,0.5,14.3,8.5,66.4,1
18.7,13.9,23.4,0.0,12.0,8.0,56.4,1
16.7,10.7,24.3,0.0,9.1,6.6,48.5,1
17.6,13.4,23.6,0.0,10.1,5.8,49.8,1
22.0,15.6,29.4,1.5,15.6,2.6,62.3,1
18.2,15.5,21.2,4.0,15.4,8.9,74.8,1
20.0,14.7,25.9,0.0,15.2,3.5,64.9,1
17.4,11.2,23.5,0.0,7.5,3.1,39.3,1
19.2,14.2,25.3,0.0,10.6,2.5,49.1,1
22.7,19.9,27.3,0.5,18.3,8.8,66.4,1
25.1,19.4,31.4,0.0,17.6,4.9,57.0,1
23.4,17.4,30.1,0.0,16.0,2.5,58.0,1
22.4,18.8,27.9,0.0,19.2,6.9,71.5,1
21.8,17.6,27.3,0.0,17.9,6.6,69.8,1
20.6,15.4,26.8,0.0,14.4,3.5,60.8,1
20.3,14.2,27.0,0.0,12.8,0.5,57.3,1
19.5,14.1,24.9,0.0,10.8,0.8,48.9,1
22.6,20.1,25.8,8.0,21.7,7.9,79.1,1
21.9,16.4,27.6,0.0,16.1,1.8,62.8,1
23.1,19.0,29.2,0.0,14.2,3.5,51.3,1
22.0,16.7,27.6,0.0,13.3,3.1,50.9,1
22.6,17.8,27.9,0.0,13.0,3.9,48.4,1
22.4,14.8,29.5,0.0,12.7,1.5,48.8,1
21.4,15.9,27.5,0.0,12.1,0.0,49.3,1
22.1,17.7,27.9,0.0,15.2,0.6,58.6,1
21.2,18.6,24.6,24.0,19.8,7.6,79.8,1
23.0,19.9,26.1,0.5,20.7,9.3,74.3,1
23.8,19.2,28.2,0.0,20.1,2.8,70.1,1
24.3,20.4,29.9,0.0,19.6,3.8,67.5,1
22.4,17.8,27.5,0.0,19.7,5.6,73.3,1
20.6,18.5,24.0,2.0,18.3,9.6,75.5,1
21.9,20.4,23.7,0.0,16.4,8.8,62.4,1
24.6,19.7,30.1,0.0,15.8,6.1,53.8,1
23.7,19.0,29.2,0.0,18.4,3.0,64.0,1
23.8,18.6,29.6,0.0,16.9,2.9,59.0,1
23.3,17.1,29.7,0.0,15.3,0.4,56.0,1
22.2,16.6,27.6,0.0,16.0,0.9,62.4,1
19.8,16.1,23.9,0.0,13.2,7.1,55.8,1
19.5,17.0,24.0,0.0,11.4,6.5,51.4,1
21.5,18.3,26.5,9.0,18.2,9.1,73.1,1
22.7,19.0,26.7,0.0,17.0,8.3,62.0,1
26.5,23.9,28.1,14.0,29.4,7.9,85.3,1
27.2,24.6,30.2,31.5,30.3,9.4,84.1,1
27.3,23.4,31.5,0.0,25.1,4.4,70.6,1
25.8,23.7,29.2,5.0,26.9,7.6,81.5,1
23.2,22.0,25.8,124.5,27.1,10.0,95.6,1
26.1,23.1,28.7,0.0,25.4,8.1,75.8,1
26.3,23.9,30.6,0.0,25.5,8.3,75.6,1
24.8,21.2,27.7,0.5,24.0,8.1,77.1,1
23.3,20.5,26.8,2.0,22.8,9.6,80.5,1
21.9,20.8,24.0,93.5,24.5,10.0,93.8,1
24.6,23.1,27.1,1.5,20.9,9.6,67.5,1
26.3,24.2,28.4,0.0,21.1,8.9,62.1,1
27.8,23.2,32.6,0.0,22.2,5.6,60.3,1
27.0,23.9,32.4,0.5,25.5,5.9,72.5,1
24.8,23.9,26.3,5.5,28.1,9.9,89.9,1
27.6,24.6,32.0,2.5,24.1,9.1,66.4,1
28.2,25.5,31.0,0.0,25.3,8.0,67.1,1
29.2,26.4,34.4,0.0,26.9,3.3,68.1,1
29.8,28.2,34.0,5.0,29.9,6.9,71.9,1
31.4,27.6,34.8,0.0,28.7,4.1,63.0,1
30.3,25.9,35.3,0.0,25.6,6.3,60.1,1
30.2,27.2,33.9,0.0,25.4,5.6,60.6,1
30.0,26.6,33.0,0.0,30.2,5.1,71.9,1
28.6,24.1,33.0,2.0,28.0,7.0,73.0,1
25.7,24.8,27.1,3.5,27.1,9.6,82.3,1
27.9,24.7,32.6,0.0,23.8,7.9,64.4,1
27.2,25.0,30.1,0.0,25.8,7.5,72.3,1
25.5,24.8,26.9,8.5,29.9,9.6,92.1,1
27.1,24.9,29.7,3.5,22.1,9.4,62.5,1
28.7,24.2,32.8,0.0,21.5,3.5,55.6,1
29.4,24.6,35.4,0.0,25.4,4.3,64.1,1
26.2,25.6,27.3,3.0,27.9,9.4,82.3,1
27.0,26.1,28.1,133.5,31.7,9.8,89.5,1
29.3,27.5,32.5,0.5,30.6,9.5,75.8,1
29.8,27.3,32.4,0.0,30.5,8.6,73.1,1
29.9,26.0,34.9,0.0,27.4,2.4,66.1,1
28.3,24.5,34.1,0.0,26.9,5.9,71.4,1
26.5,23.9,30.7,2.5,27.5,7.4,80.6,1
26.8,24.0,29.0,7.5,26.9,9.1,77.3,1
26.2,23.4,28.8,22.5,27.9,9.4,83.4,1
25.0,23.4,27.3,42.5,28.0,10.0,89.0,1
28.7,26.1,33.0,0.0,26.6,7.0,68.4,1
27.6,23.1,32.1,0.0,25.7,2.6,71.0,1
27.1,24.9,31.1,0.0,26.8,6.1,75.9,1
26.0,22.2,30.9,1.0,26.9,8.8,81.4,1
24.0,22.6,25.4,144.5,28.7,10.0,96.5,1
26.3,23.8,30.3,32.5,29.8,9.6,88.0,1
